,file_name, azimuth, elevation, turbidity, exposure, fov, pitch
0,./Scene00/view00/0000.png,84.17803614682325,-7.969971850094777,2.200000047683716,0.0,0.6911112070083618,1.5579525232315063
1,./Scene00/view00/0001.png,85.27691026646897,-6.528002196736781,2.200000047683716,0.0,0.6911112070083618,1.5579525232315063
2,./Scene00/view00/0002.png,86.3696224923933,-5.078734638106074,2.200000047683716,0.0,0.6911112070083618,1.5579525232315063
3,./Scene00/view00/0003.png,87.45757662874152,-3.6168364347076416,2.200000047683716,0.0,0.6911112070083618,1.5579525232315063
4,./Scene00/view00/0004.png,88.54216080173205,-2.1220806610629905,2.200000047683716,0.0,0.6911112070083618,1.5579525232315063
5,./Scene00/view00/0005.png,89.62474878671571,-0.4301637016480264,2.200000047683716,0.0,0.6911112070083618,1.5579525232315063
6,./Scene00/view00/0006.png,90.70670747688779,1.0140677549045505,2.200000047683716,0.0,0.6911112070083618,1.5579525232315063
7,./Scene00/view00/0007.png,91.78940101454113,2.329216549059559,2.200000047683716,0.0,0.6911112070083618,1.5579525232315063
8,./Scene00/view00/0008.png,92.87419513406553,3.6943380138226916,2.200000047683716,0.0,0.6911112070083618,1.5579525232315063
9,./Scene00/view00/0009.png,93.96246344449295,5.084486209239106,2.200000047683716,0.0,0.6911112070083618,1.5579525232315063
10,./Scene00/view00/0010.png,95.05559140182899,6.489701720072084,2.200000047683716,0.0,0.6911112070083618,1.5579525232315063
11,./Scene00/view00/0011.png,96.15498116211555,7.900536871509843,2.200000047683716,0.0,0.6911112070083618,1.5579525232315063
12,./Scene00/view00/0012.png,97.26205782654593,9.313936835216364,2.200000047683716,0.0,0.6911112070083618,1.5579525232315063
13,./Scene00/view00/0013.png,98.37827201944984,10.72753104204872,2.200000047683716,0.0,0.6911112070083618,1.5579525232315063
14,./Scene00/view00/0014.png,99.5051091127097,12.139609915883561,2.200000047683716,0.0,0.6911112070083618,1.5579525232315063
15,./Scene00/view00/0015.png,100.64408966990837,13.548849662467019,2.200000047683716,0.0,0.6911112070083618,1.5579525232315063
16,./Scene00/view00/0016.png,101.79677691025407,14.95414480057222,2.200000047683716,0.0,0.6911112070083618,1.5579525232315063
17,./Scene00/view00/0017.png,102.96478345196223,16.354525318635613,2.200000047683716,0.0,0.6911112070083618,1.5579525232315063
18,./Scene00/view00/0018.png,104.14977411989146,17.74908614080336,2.200000047683716,0.0,0.6911112070083618,1.5579525232315063
19,./Scene00/view00/0019.png,105.35346991273026,19.136955510631044,2.200000047683716,0.0,0.6911112070083618,1.5579525232315063
20,./Scene00/view00/0020.png,106.57765665664924,20.517271021632794,2.200000047683716,0.0,0.6911112070083618,1.5579525232315063
21,./Scene00/view00/0021.png,107.82419008327341,21.889160587700975,2.200000047683716,0.0,0.6911112070083618,1.5579525232315063
22,./Scene00/view00/0022.png,109.09499783708658,23.251729981060162,2.200000047683716,0.0,0.6911112070083618,1.5579525232315063
23,./Scene00/view00/0023.png,110.39208124722349,24.604051012929595,2.200000047683716,0.0,0.6911112070083618,1.5579525232315063
24,./Scene00/view00/0024.png,111.71752861057502,25.94515669469238,2.200000047683716,0.0,0.6911112070083618,1.5579525232315063
25,./Scene00/view00/0025.png,113.07350713594369,27.274026466768923,2.200000047683716,0.0,0.6911112070083618,1.5579525232315063
26,./Scene00/view00/0026.png,114.46227546626342,28.589586045472814,2.200000047683716,0.0,0.6911112070083618,1.5579525232315063
27,./Scene00/view00/0027.png,115.88617803655401,29.890694361921174,2.200000047683716,0.0,0.6911112070083618,1.5579525232315063
28,./Scene00/view00/0028.png,117.34764617534225,31.1761451617199,2.200000047683716,0.0,0.6911112070083618,1.5579525232315063
29,./Scene00/view00/0029.png,118.84919927512047,32.44464839628516,2.200000047683716,0.0,0.6911112070083618,1.5579525232315063
30,./Scene00/view00/0030.png,120.39343749241873,33.694833457053484,2.200000047683716,0.0,0.6911112070083618,1.5579525232315063
31,./Scene00/view00/0031.png,121.98303251189044,34.9252295468455,2.200000047683716,0.0,0.6911112070083618,1.5579525232315063
32,./Scene00/view00/0032.png,123.62072102342798,36.13427711430468,2.200000047683716,0.0,0.6911112070083618,1.5579525232315063
33,./Scene00/view00/0033.png,125.30929207483942,37.320310494393475,2.200000047683716,0.0,0.6911112070083618,1.5579525232315063
34,./Scene00/view00/0034.png,127.05155355198349,38.48154915319103,2.200000047683716,0.0,0.6911112070083618,1.5579525232315063
35,./Scene00/view00/0035.png,128.85031870786412,39.61609846714489,2.200000047683716,0.0,0.6911112070083618,1.5579525232315063
36,./Scene00/view00/0036.png,130.70837407573836,40.72194309385663,2.200000047683716,0.0,0.6911112070083618,1.5579525232315063
37,./Scene00/view00/0037.png,132.62843024834123,41.7969452374371,2.200000047683716,0.0,0.6911112070083618,1.5579525232315063
38,./Scene00/view00/0038.png,134.61307538428434,42.83883772557915,2.200000047683716,0.0,0.6911112070083618,1.5579525232315063
39,./Scene00/view00/0039.png,136.66471589100675,43.84522920979366,2.200000047683716,0.0,0.6911112070083618,1.5579525232315063
40,./Scene00/view00/0040.png,138.78550825257955,44.81360924255348,2.200000047683716,0.0,0.6911112070083618,1.5579525232315063
41,./Scene00/view00/0041.png,140.97728086213777,45.74134668660294,2.200000047683716,0.0,0.6911112070083618,1.5579525232315063
42,./Scene00/view00/0042.png,143.24144789163552,46.62571050222814,2.200000047683716,0.0,0.6911112070083618,1.5579525232315063
43,./Scene00/view00/0043.png,145.5788962450206,47.463879936455356,2.200000047683716,0.0,0.6911112070083618,1.5579525232315063
44,./Scene00/view00/0044.png,147.98990679863266,48.252956797702105,2.200000047683716,0.0,0.6911112070083618,1.5579525232315063
45,./Scene00/view00/0045.png,150.4740257477145,48.99001191191685,2.200000047683716,0.0,0.6911112070083618,1.5579525232315063
46,./Scene00/view00/0046.png,153.02997459483456,49.67209542961661,2.200000047683716,0.0,0.6911112070083618,1.5579525232315063
47,./Scene00/view00/0047.png,155.6555489709061,50.296287636349724,2.200000047683716,0.0,0.6911112070083618,1.5579525232315063
48,./Scene00/view00/0048.png,158.3475380554522,50.859742645619384,2.200000047683716,0.0,0.6911112070083618,1.5579525232315063
49,./Scene00/view00/0049.png,161.10165905862155,51.359736243821565,2.200000047683716,0.0,0.6911112070083618,1.5579525232315063
50,./Scene00/view00/0050.png,163.9125400727675,51.79371561743861,2.200000047683716,0.0,0.6911112070083618,1.5579525232315063
51,./Scene00/view00/0051.png,166.77372648619257,52.159359562997835,2.200000047683716,0.0,0.6911112070083618,1.5579525232315063
52,./Scene00/view00/0052.png,169.6777326620689,52.45462284222895,2.200000047683716,0.0,0.6911112070083618,1.5579525232315063
53,./Scene00/view00/0053.png,172.616140419899,52.677806805304485,2.200000047683716,0.0,0.6911112070083618,1.5579525232315063
54,./Scene00/view00/0054.png,175.5797502940441,52.82758545112983,2.200000047683716,0.0,0.6911112070083618,1.5579525232315063
55,./Scene00/view00/0055.png,178.55876853179367,52.903054669099866,2.200000047683716,0.0,0.6911112070083618,1.5579525232315063
56,./Scene00/view00/0056.png,181.54302987480025,52.90375439154601,2.200000047683716,0.0,0.6911112070083618,1.5579525232315063
57,./Scene00/view00/0057.png,184.52224098438546,52.82968041142872,2.200000047683716,0.0,0.6911112070083618,1.5579525232315063
58,./Scene00/view00/0058.png,187.48623134831752,52.6812870269738,2.200000047683716,0.0,0.6911112070083618,1.5579525232315063
59,./Scene00/view00/0059.png,190.42520209294918,52.45948115375253,2.200000047683716,0.0,0.6911112070083618,1.5579525232315063
60,./Scene00/view00/0060.png,193.32994226787824,52.165577087591686,2.200000047683716,0.0,0.6911112070083618,1.5579525232315063
61,./Scene00/view00/0061.png,196.1920230411918,51.801279107751604,2.200000047683716,0.0,0.6911112070083618,1.5579525232315063
62,./Scene00/view00/0062.png,199.00394283350846,51.36861884208647,2.200000047683716,0.0,0.6911112070083618,1.5579525232315063
63,./Scene00/view00/0063.png,201.75923230801575,50.8699228964357,2.200000047683716,0.0,0.6911112070083618,1.5579525232315063
64,./Scene00/view00/0064.png,204.4525002967809,50.30773790486812,2.200000047683716,0.0,0.6911112070083618,1.5579525232315063
65,./Scene00/view00/0065.png,207.07945505810065,49.68479450544951,2.200000047683716,0.0,0.6911112070083618,1.5579525232315063
66,./Scene00/view00/0066.png,209.63686896879898,49.00393397387883,2.200000047683716,0.0,0.6911112070083618,1.5579525232315063
67,./Scene00/view00/0067.png,212.12252211096865,48.26807990298192,2.200000047683716,0.0,0.6911112070083618,1.5579525232315063
68,./Scene00/view00/0068.png,214.53512297649155,47.48017844440687,2.200000047683716,0.0,0.6911112070083618,1.5579525232315063
69,./Scene00/view00/0069.png,216.87421105074353,46.643165871793265,2.200000047683716,0.0,0.6911112070083618,1.5579525232315063
70,./Scene00/view00/0070.png,219.1400508903496,45.75993762563578,2.200000047683716,0.0,0.6911112070083618,1.5579525232315063
71,./Scene00/view00/0071.png,221.33352894188127,44.83331964724947,2.200000047683716,0.0,0.6911112070083618,1.5579525232315063
72,./Scene00/view00/0072.png,223.4560509504313,43.86604728988128,2.200000047683716,0.0,0.6911112070083618,1.5579525232315063
73,./Scene00/view00/0073.png,225.50943449372835,42.86075032115079,2.200000047683716,0.0,0.6911112070083618,1.5579525232315063
74,./Scene00/view00/0074.png,227.49584157559528,41.81994580603177,2.200000047683716,0.0,0.6911112070083618,1.5579525232315063
75,./Scene00/view00/0075.png,229.4176705354698,40.746027464602264,2.200000047683716,0.0,0.6911112070083618,1.5579525232315063
76,./Scene00/view00/0076.png,231.2775133253966,39.641262597241436,2.200000047683716,0.0,0.6911112070083618,1.5579525232315063
77,./Scene00/view00/0077.png,233.07807499023014,38.50779499943899,2.200000047683716,0.0,0.6911112070083618,1.5579525232315063
78,./Scene00/view00/0078.png,234.82214415673806,37.34764362349209,2.200000047683716,0.0,0.6911112070083618,1.5579525232315063
79,./Scene00/view00/0079.png,236.5125358420254,36.1627062943504,2.200000047683716,0.0,0.6911112070083618,1.5579525232315063
80,./Scene00/view00/0080.png,238.1520585435579,34.95476133344924,2.200000047683716,0.0,0.6911112070083618,1.5579525232315063
81,./Scene00/view00/0081.png,239.74350533649522,33.725481224561975,2.200000047683716,0.0,0.6911112070083618,1.5579525232315063
82,./Scene00/view00/0082.png,241.28960960971335,32.476430977818765,2.200000047683716,0.0,0.6911112070083618,1.5579525232315063
83,./Scene00/view00/0083.png,242.793052209002,31.209079510868676,2.200000047683716,0.0,0.6911112070083618,1.5579525232315063
84,./Scene00/view00/0084.png,244.25643106563433,29.924801547260287,2.200000047683716,0.0,0.6911112070083618,1.5579525232315063
85,./Scene00/view00/0085.png,245.68227887933654,28.62487646841346,2.200000047683716,0.0,0.6911112070083618,1.5579525232315063
86,./Scene00/view00/0086.png,247.07302313200373,27.31052660216225,2.200000047683716,0.0,0.6911112070083618,1.5579525232315063
87,./Scene00/view00/0087.png,248.43100695058868,25.982897951178916,2.200000047683716,0.0,0.6911112070083618,1.5579525232315063
88,./Scene00/view00/0088.png,249.7584916086523,24.6430643762063,2.200000047683716,0.0,0.6911112070083618,1.5579525232315063
89,./Scene00/view00/0089.png,251.05765054755352,23.292046727241242,2.200000047683716,0.0,0.6911112070083618,1.5579525232315063
90,./Scene00/view00/0090.png,252.33057164806826,21.930816925137776,2.200000047683716,0.0,0.6911112070083618,1.5579525232315063
91,./Scene00/view00/0091.png,253.57926498080343,20.560303881340623,2.200000047683716,0.0,0.6911112070083618,1.5579525232315063
92,./Scene00/view00/0092.png,254.80565424986608,19.181404811687564,2.200000047683716,0.0,0.6911112070083618,1.5579525232315063
93,./Scene00/view00/0093.png,256.0116032281149,17.794992747350936,2.200000047683716,0.0,0.6911112070083618,1.5579525232315063
94,./Scene00/view00/0094.png,257.1988993239629,16.401931253737267,2.200000047683716,0.0,0.6911112070083618,1.5579525232315063
95,./Scene00/view00/0095.png,258.3692647453382,15.0030947876336,2.200000047683716,0.0,0.6911112070083618,1.5579525232315063
96,./Scene00/view00/0096.png,259.52437258861687,13.599383585741588,2.200000047683716,0.0,0.6911112070083618,1.5579525232315063
97,./Scene00/view00/0097.png,260.66583269807995,12.19177035148824,2.200000047683716,0.0,0.6911112070083618,1.5579525232315063
98,./Scene00/view00/0098.png,261.7952154586499,10.781349872089706,2.200000047683716,0.0,0.6911112070083618,1.5579525232315063
99,./Scene00/view00/0099.png,262.9140439059337,9.3694374514966,2.200000047683716,0.0,0.6911112070083618,1.5579525232315063
100,./Scene00/view01/0000.png,84.17803614682325,-7.969971850094777,2.200000047683716,0.0,0.6911112070083618,1.3734859228134155
101,./Scene00/view01/0001.png,85.27691026646897,-6.528002196736781,2.200000047683716,0.0,0.6911112070083618,1.3734859228134155
102,./Scene00/view01/0002.png,86.3696224923933,-5.078734638106074,2.200000047683716,0.0,0.6911112070083618,1.3734859228134155
103,./Scene00/view01/0003.png,87.45757662874152,-3.6168364347076416,2.200000047683716,0.0,0.6911112070083618,1.3734859228134155
104,./Scene00/view01/0004.png,88.54216080173205,-2.1220806610629905,2.200000047683716,0.0,0.6911112070083618,1.3734859228134155
105,./Scene00/view01/0005.png,89.62474878671571,-0.4301637016480264,2.200000047683716,0.0,0.6911112070083618,1.3734859228134155
106,./Scene00/view01/0006.png,90.70670747688779,1.0140677549045505,2.200000047683716,0.0,0.6911112070083618,1.3734859228134155
107,./Scene00/view01/0007.png,91.78940101454113,2.329216549059559,2.200000047683716,0.0,0.6911112070083618,1.3734859228134155
108,./Scene00/view01/0008.png,92.87419513406553,3.6943380138226916,2.200000047683716,0.0,0.6911112070083618,1.3734859228134155
109,./Scene00/view01/0009.png,93.96246344449295,5.084486209239106,2.200000047683716,0.0,0.6911112070083618,1.3734859228134155
110,./Scene00/view01/0010.png,95.05559140182899,6.489701720072084,2.200000047683716,0.0,0.6911112070083618,1.3734859228134155
111,./Scene00/view01/0011.png,96.15498116211555,7.900536871509843,2.200000047683716,0.0,0.6911112070083618,1.3734859228134155
112,./Scene00/view01/0012.png,97.26205782654593,9.313936835216364,2.200000047683716,0.0,0.6911112070083618,1.3734859228134155
113,./Scene00/view01/0013.png,98.37827201944984,10.72753104204872,2.200000047683716,0.0,0.6911112070083618,1.3734859228134155
114,./Scene00/view01/0014.png,99.5051091127097,12.139609915883561,2.200000047683716,0.0,0.6911112070083618,1.3734859228134155
115,./Scene00/view01/0015.png,100.64408966990837,13.548849662467019,2.200000047683716,0.0,0.6911112070083618,1.3734859228134155
116,./Scene00/view01/0016.png,101.79677691025407,14.95414480057222,2.200000047683716,0.0,0.6911112070083618,1.3734859228134155
117,./Scene00/view01/0017.png,102.96478345196223,16.354525318635613,2.200000047683716,0.0,0.6911112070083618,1.3734859228134155
118,./Scene00/view01/0018.png,104.14977411989146,17.74908614080336,2.200000047683716,0.0,0.6911112070083618,1.3734859228134155
119,./Scene00/view01/0019.png,105.35346991273026,19.136955510631044,2.200000047683716,0.0,0.6911112070083618,1.3734859228134155
120,./Scene00/view01/0020.png,106.57765665664924,20.517271021632794,2.200000047683716,0.0,0.6911112070083618,1.3734859228134155
121,./Scene00/view01/0021.png,107.82419008327341,21.889160587700975,2.200000047683716,0.0,0.6911112070083618,1.3734859228134155
122,./Scene00/view01/0022.png,109.09499783708658,23.251729981060162,2.200000047683716,0.0,0.6911112070083618,1.3734859228134155
123,./Scene00/view01/0023.png,110.39208124722349,24.604051012929595,2.200000047683716,0.0,0.6911112070083618,1.3734859228134155
124,./Scene00/view01/0024.png,111.71752861057502,25.94515669469238,2.200000047683716,0.0,0.6911112070083618,1.3734859228134155
125,./Scene00/view01/0025.png,113.07350713594369,27.274026466768923,2.200000047683716,0.0,0.6911112070083618,1.3734859228134155
126,./Scene00/view01/0026.png,114.46227546626342,28.589586045472814,2.200000047683716,0.0,0.6911112070083618,1.3734859228134155
127,./Scene00/view01/0027.png,115.88617803655401,29.890694361921174,2.200000047683716,0.0,0.6911112070083618,1.3734859228134155
128,./Scene00/view01/0028.png,117.34764617534225,31.1761451617199,2.200000047683716,0.0,0.6911112070083618,1.3734859228134155
129,./Scene00/view01/0029.png,118.84919927512047,32.44464839628516,2.200000047683716,0.0,0.6911112070083618,1.3734859228134155
130,./Scene00/view01/0030.png,120.39343749241873,33.694833457053484,2.200000047683716,0.0,0.6911112070083618,1.3734859228134155
131,./Scene00/view01/0031.png,121.98303251189044,34.9252295468455,2.200000047683716,0.0,0.6911112070083618,1.3734859228134155
132,./Scene00/view01/0032.png,123.62072102342798,36.13427711430468,2.200000047683716,0.0,0.6911112070083618,1.3734859228134155
133,./Scene00/view01/0033.png,125.30929207483942,37.320310494393475,2.200000047683716,0.0,0.6911112070083618,1.3734859228134155
134,./Scene00/view01/0034.png,127.05155355198349,38.48154915319103,2.200000047683716,0.0,0.6911112070083618,1.3734859228134155
135,./Scene00/view01/0035.png,128.85031870786412,39.61609846714489,2.200000047683716,0.0,0.6911112070083618,1.3734859228134155
136,./Scene00/view01/0036.png,130.70837407573836,40.72194309385663,2.200000047683716,0.0,0.6911112070083618,1.3734859228134155
137,./Scene00/view01/0037.png,132.62843024834123,41.7969452374371,2.200000047683716,0.0,0.6911112070083618,1.3734859228134155
138,./Scene00/view01/0038.png,134.61307538428434,42.83883772557915,2.200000047683716,0.0,0.6911112070083618,1.3734859228134155
139,./Scene00/view01/0039.png,136.66471589100675,43.84522920979366,2.200000047683716,0.0,0.6911112070083618,1.3734859228134155
140,./Scene00/view01/0040.png,138.78550825257955,44.81360924255348,2.200000047683716,0.0,0.6911112070083618,1.3734859228134155
141,./Scene00/view01/0041.png,140.97728086213777,45.74134668660294,2.200000047683716,0.0,0.6911112070083618,1.3734859228134155
142,./Scene00/view01/0042.png,143.24144789163552,46.62571050222814,2.200000047683716,0.0,0.6911112070083618,1.3734859228134155
143,./Scene00/view01/0043.png,145.5788962450206,47.463879936455356,2.200000047683716,0.0,0.6911112070083618,1.3734859228134155
144,./Scene00/view01/0044.png,147.98990679863266,48.252956797702105,2.200000047683716,0.0,0.6911112070083618,1.3734859228134155
145,./Scene00/view01/0045.png,150.4740257477145,48.99001191191685,2.200000047683716,0.0,0.6911112070083618,1.3734859228134155
146,./Scene00/view01/0046.png,153.02997459483456,49.67209542961661,2.200000047683716,0.0,0.6911112070083618,1.3734859228134155
147,./Scene00/view01/0047.png,155.6555489709061,50.296287636349724,2.200000047683716,0.0,0.6911112070083618,1.3734859228134155
148,./Scene00/view01/0048.png,158.3475380554522,50.859742645619384,2.200000047683716,0.0,0.6911112070083618,1.3734859228134155
149,./Scene00/view01/0049.png,161.10165905862155,51.359736243821565,2.200000047683716,0.0,0.6911112070083618,1.3734859228134155
150,./Scene00/view01/0050.png,163.9125400727675,51.79371561743861,2.200000047683716,0.0,0.6911112070083618,1.3734859228134155
151,./Scene00/view01/0051.png,166.77372648619257,52.159359562997835,2.200000047683716,0.0,0.6911112070083618,1.3734859228134155
152,./Scene00/view01/0052.png,169.6777326620689,52.45462284222895,2.200000047683716,0.0,0.6911112070083618,1.3734859228134155
153,./Scene00/view01/0053.png,172.616140419899,52.677806805304485,2.200000047683716,0.0,0.6911112070083618,1.3734859228134155
154,./Scene00/view01/0054.png,175.5797502940441,52.82758545112983,2.200000047683716,0.0,0.6911112070083618,1.3734859228134155
155,./Scene00/view01/0055.png,178.55876853179367,52.903054669099866,2.200000047683716,0.0,0.6911112070083618,1.3734859228134155
156,./Scene00/view01/0056.png,181.54302987480025,52.90375439154601,2.200000047683716,0.0,0.6911112070083618,1.3734859228134155
157,./Scene00/view01/0057.png,184.52224098438546,52.82968041142872,2.200000047683716,0.0,0.6911112070083618,1.3734859228134155
158,./Scene00/view01/0058.png,187.48623134831752,52.6812870269738,2.200000047683716,0.0,0.6911112070083618,1.3734859228134155
159,./Scene00/view01/0059.png,190.42520209294918,52.45948115375253,2.200000047683716,0.0,0.6911112070083618,1.3734859228134155
160,./Scene00/view01/0060.png,193.32994226787824,52.165577087591686,2.200000047683716,0.0,0.6911112070083618,1.3734859228134155
161,./Scene00/view01/0061.png,196.1920230411918,51.801279107751604,2.200000047683716,0.0,0.6911112070083618,1.3734859228134155
162,./Scene00/view01/0062.png,199.00394283350846,51.36861884208647,2.200000047683716,0.0,0.6911112070083618,1.3734859228134155
163,./Scene00/view01/0063.png,201.75923230801575,50.8699228964357,2.200000047683716,0.0,0.6911112070083618,1.3734859228134155
164,./Scene00/view01/0064.png,204.4525002967809,50.30773790486812,2.200000047683716,0.0,0.6911112070083618,1.3734859228134155
165,./Scene00/view01/0065.png,207.07945505810065,49.68479450544951,2.200000047683716,0.0,0.6911112070083618,1.3734859228134155
166,./Scene00/view01/0066.png,209.63686896879898,49.00393397387883,2.200000047683716,0.0,0.6911112070083618,1.3734859228134155
167,./Scene00/view01/0067.png,212.12252211096865,48.26807990298192,2.200000047683716,0.0,0.6911112070083618,1.3734859228134155
168,./Scene00/view01/0068.png,214.53512297649155,47.48017844440687,2.200000047683716,0.0,0.6911112070083618,1.3734859228134155
169,./Scene00/view01/0069.png,216.87421105074353,46.643165871793265,2.200000047683716,0.0,0.6911112070083618,1.3734859228134155
170,./Scene00/view01/0070.png,219.1400508903496,45.75993762563578,2.200000047683716,0.0,0.6911112070083618,1.3734859228134155
171,./Scene00/view01/0071.png,221.33352894188127,44.83331964724947,2.200000047683716,0.0,0.6911112070083618,1.3734859228134155
172,./Scene00/view01/0072.png,223.4560509504313,43.86604728988128,2.200000047683716,0.0,0.6911112070083618,1.3734859228134155
173,./Scene00/view01/0073.png,225.50943449372835,42.86075032115079,2.200000047683716,0.0,0.6911112070083618,1.3734859228134155
174,./Scene00/view01/0074.png,227.49584157559528,41.81994580603177,2.200000047683716,0.0,0.6911112070083618,1.3734859228134155
175,./Scene00/view01/0075.png,229.4176705354698,40.746027464602264,2.200000047683716,0.0,0.6911112070083618,1.3734859228134155
176,./Scene00/view01/0076.png,231.2775133253966,39.641262597241436,2.200000047683716,0.0,0.6911112070083618,1.3734859228134155
177,./Scene00/view01/0077.png,233.07807499023014,38.50779499943899,2.200000047683716,0.0,0.6911112070083618,1.3734859228134155
178,./Scene00/view01/0078.png,234.82214415673806,37.34764362349209,2.200000047683716,0.0,0.6911112070083618,1.3734859228134155
179,./Scene00/view01/0079.png,236.5125358420254,36.1627062943504,2.200000047683716,0.0,0.6911112070083618,1.3734859228134155
180,./Scene00/view01/0080.png,238.1520585435579,34.95476133344924,2.200000047683716,0.0,0.6911112070083618,1.3734859228134155
181,./Scene00/view01/0081.png,239.74350533649522,33.725481224561975,2.200000047683716,0.0,0.6911112070083618,1.3734859228134155
182,./Scene00/view01/0082.png,241.28960960971335,32.476430977818765,2.200000047683716,0.0,0.6911112070083618,1.3734859228134155
183,./Scene00/view01/0083.png,242.793052209002,31.209079510868676,2.200000047683716,0.0,0.6911112070083618,1.3734859228134155
184,./Scene00/view01/0084.png,244.25643106563433,29.924801547260287,2.200000047683716,0.0,0.6911112070083618,1.3734859228134155
185,./Scene00/view01/0085.png,245.68227887933654,28.62487646841346,2.200000047683716,0.0,0.6911112070083618,1.3734859228134155
186,./Scene00/view01/0086.png,247.07302313200373,27.31052660216225,2.200000047683716,0.0,0.6911112070083618,1.3734859228134155
187,./Scene00/view01/0087.png,248.43100695058868,25.982897951178916,2.200000047683716,0.0,0.6911112070083618,1.3734859228134155
188,./Scene00/view01/0088.png,249.7584916086523,24.6430643762063,2.200000047683716,0.0,0.6911112070083618,1.3734859228134155
189,./Scene00/view01/0089.png,251.05765054755352,23.292046727241242,2.200000047683716,0.0,0.6911112070083618,1.3734859228134155
190,./Scene00/view01/0090.png,252.33057164806826,21.930816925137776,2.200000047683716,0.0,0.6911112070083618,1.3734859228134155
191,./Scene00/view01/0091.png,253.57926498080343,20.560303881340623,2.200000047683716,0.0,0.6911112070083618,1.3734859228134155
192,./Scene00/view01/0092.png,254.80565424986608,19.181404811687564,2.200000047683716,0.0,0.6911112070083618,1.3734859228134155
193,./Scene00/view01/0093.png,256.0116032281149,17.794992747350936,2.200000047683716,0.0,0.6911112070083618,1.3734859228134155
194,./Scene00/view01/0094.png,257.1988993239629,16.401931253737267,2.200000047683716,0.0,0.6911112070083618,1.3734859228134155
195,./Scene00/view01/0095.png,258.3692647453382,15.0030947876336,2.200000047683716,0.0,0.6911112070083618,1.3734859228134155
196,./Scene00/view01/0096.png,259.52437258861687,13.599383585741588,2.200000047683716,0.0,0.6911112070083618,1.3734859228134155
197,./Scene00/view01/0097.png,260.66583269807995,12.19177035148824,2.200000047683716,0.0,0.6911112070083618,1.3734859228134155
198,./Scene00/view01/0098.png,261.7952154586499,10.781349872089706,2.200000047683716,0.0,0.6911112070083618,1.3734859228134155
199,./Scene00/view01/0099.png,262.9140439059337,9.3694374514966,2.200000047683716,0.0,0.6911112070083618,1.3734859228134155
200,./Scene00/view02/0000.png,84.17803614682325,-7.969971850094777,2.200000047683716,0.0,0.6911112070083618,1.3734859228134155
201,./Scene00/view02/0001.png,85.27691026646897,-6.528002196736781,2.200000047683716,0.0,0.6911112070083618,1.3734859228134155
202,./Scene00/view02/0002.png,86.3696224923933,-5.078734638106074,2.200000047683716,0.0,0.6911112070083618,1.3734859228134155
203,./Scene00/view02/0003.png,87.45757662874152,-3.6168364347076416,2.200000047683716,0.0,0.6911112070083618,1.3734859228134155
204,./Scene00/view02/0004.png,88.54216080173205,-2.1220806610629905,2.200000047683716,0.0,0.6911112070083618,1.3734859228134155
205,./Scene00/view02/0005.png,89.62474878671571,-0.4301637016480264,2.200000047683716,0.0,0.6911112070083618,1.3734859228134155
206,./Scene00/view02/0006.png,90.70670747688779,1.0140677549045505,2.200000047683716,0.0,0.6911112070083618,1.3734859228134155
207,./Scene00/view02/0007.png,91.78940101454113,2.329216549059559,2.200000047683716,0.0,0.6911112070083618,1.3734859228134155
208,./Scene00/view02/0008.png,92.87419513406553,3.6943380138226916,2.200000047683716,0.0,0.6911112070083618,1.3734859228134155
209,./Scene00/view02/0009.png,93.96246344449295,5.084486209239106,2.200000047683716,0.0,0.6911112070083618,1.3734859228134155
210,./Scene00/view02/0010.png,95.05559140182899,6.489701720072084,2.200000047683716,0.0,0.6911112070083618,1.3734859228134155
211,./Scene00/view02/0011.png,96.15498116211555,7.900536871509843,2.200000047683716,0.0,0.6911112070083618,1.3734859228134155
212,./Scene00/view02/0012.png,97.26205782654593,9.313936835216364,2.200000047683716,0.0,0.6911112070083618,1.3734859228134155
213,./Scene00/view02/0013.png,98.37827201944984,10.72753104204872,2.200000047683716,0.0,0.6911112070083618,1.3734859228134155
214,./Scene00/view02/0014.png,99.5051091127097,12.139609915883561,2.200000047683716,0.0,0.6911112070083618,1.3734859228134155
215,./Scene00/view02/0015.png,100.64408966990837,13.548849662467019,2.200000047683716,0.0,0.6911112070083618,1.3734859228134155
216,./Scene00/view02/0016.png,101.79677691025407,14.95414480057222,2.200000047683716,0.0,0.6911112070083618,1.3734859228134155
217,./Scene00/view02/0017.png,102.96478345196223,16.354525318635613,2.200000047683716,0.0,0.6911112070083618,1.3734859228134155
218,./Scene00/view02/0018.png,104.14977411989146,17.74908614080336,2.200000047683716,0.0,0.6911112070083618,1.3734859228134155
219,./Scene00/view02/0019.png,105.35346991273026,19.136955510631044,2.200000047683716,0.0,0.6911112070083618,1.3734859228134155
220,./Scene00/view02/0020.png,106.57765665664924,20.517271021632794,2.200000047683716,0.0,0.6911112070083618,1.3734859228134155
221,./Scene00/view02/0021.png,107.82419008327341,21.889160587700975,2.200000047683716,0.0,0.6911112070083618,1.3734859228134155
222,./Scene00/view02/0022.png,109.09499783708658,23.251729981060162,2.200000047683716,0.0,0.6911112070083618,1.3734859228134155
223,./Scene00/view02/0023.png,110.39208124722349,24.604051012929595,2.200000047683716,0.0,0.6911112070083618,1.3734859228134155
224,./Scene00/view02/0024.png,111.71752861057502,25.94515669469238,2.200000047683716,0.0,0.6911112070083618,1.3734859228134155
225,./Scene00/view02/0025.png,113.07350713594369,27.274026466768923,2.200000047683716,0.0,0.6911112070083618,1.3734859228134155
226,./Scene00/view02/0026.png,114.46227546626342,28.589586045472814,2.200000047683716,0.0,0.6911112070083618,1.3734859228134155
227,./Scene00/view02/0027.png,115.88617803655401,29.890694361921174,2.200000047683716,0.0,0.6911112070083618,1.3734859228134155
228,./Scene00/view02/0028.png,117.34764617534225,31.1761451617199,2.200000047683716,0.0,0.6911112070083618,1.3734859228134155
229,./Scene00/view02/0029.png,118.84919927512047,32.44464839628516,2.200000047683716,0.0,0.6911112070083618,1.3734859228134155
230,./Scene00/view02/0030.png,120.39343749241873,33.694833457053484,2.200000047683716,0.0,0.6911112070083618,1.3734859228134155
231,./Scene00/view02/0031.png,121.98303251189044,34.9252295468455,2.200000047683716,0.0,0.6911112070083618,1.3734859228134155
232,./Scene00/view02/0032.png,123.62072102342798,36.13427711430468,2.200000047683716,0.0,0.6911112070083618,1.3734859228134155
233,./Scene00/view02/0033.png,125.30929207483942,37.320310494393475,2.200000047683716,0.0,0.6911112070083618,1.3734859228134155
234,./Scene00/view02/0034.png,127.05155355198349,38.48154915319103,2.200000047683716,0.0,0.6911112070083618,1.3734859228134155
235,./Scene00/view02/0035.png,128.85031870786412,39.61609846714489,2.200000047683716,0.0,0.6911112070083618,1.3734859228134155
236,./Scene00/view02/0036.png,130.70837407573836,40.72194309385663,2.200000047683716,0.0,0.6911112070083618,1.3734859228134155
237,./Scene00/view02/0037.png,132.62843024834123,41.7969452374371,2.200000047683716,0.0,0.6911112070083618,1.3734859228134155
238,./Scene00/view02/0038.png,134.61307538428434,42.83883772557915,2.200000047683716,0.0,0.6911112070083618,1.3734859228134155
239,./Scene00/view02/0039.png,136.66471589100675,43.84522920979366,2.200000047683716,0.0,0.6911112070083618,1.3734859228134155
240,./Scene00/view02/0040.png,138.78550825257955,44.81360924255348,2.200000047683716,0.0,0.6911112070083618,1.3734859228134155
241,./Scene00/view02/0041.png,140.97728086213777,45.74134668660294,2.200000047683716,0.0,0.6911112070083618,1.3734859228134155
242,./Scene00/view02/0042.png,143.24144789163552,46.62571050222814,2.200000047683716,0.0,0.6911112070083618,1.3734859228134155
243,./Scene00/view02/0043.png,145.5788962450206,47.463879936455356,2.200000047683716,0.0,0.6911112070083618,1.3734859228134155
244,./Scene00/view02/0044.png,147.98990679863266,48.252956797702105,2.200000047683716,0.0,0.6911112070083618,1.3734859228134155
245,./Scene00/view02/0045.png,150.4740257477145,48.99001191191685,2.200000047683716,0.0,0.6911112070083618,1.3734859228134155
246,./Scene00/view02/0046.png,153.02997459483456,49.67209542961661,2.200000047683716,0.0,0.6911112070083618,1.3734859228134155
247,./Scene00/view02/0047.png,155.6555489709061,50.296287636349724,2.200000047683716,0.0,0.6911112070083618,1.3734859228134155
248,./Scene00/view02/0048.png,158.3475380554522,50.859742645619384,2.200000047683716,0.0,0.6911112070083618,1.3734859228134155
249,./Scene00/view02/0049.png,161.10165905862155,51.359736243821565,2.200000047683716,0.0,0.6911112070083618,1.3734859228134155
250,./Scene00/view02/0050.png,163.9125400727675,51.79371561743861,2.200000047683716,0.0,0.6911112070083618,1.3734859228134155
251,./Scene00/view02/0051.png,166.77372648619257,52.159359562997835,2.200000047683716,0.0,0.6911112070083618,1.3734859228134155
252,./Scene00/view02/0052.png,169.6777326620689,52.45462284222895,2.200000047683716,0.0,0.6911112070083618,1.3734859228134155
253,./Scene00/view02/0053.png,172.616140419899,52.677806805304485,2.200000047683716,0.0,0.6911112070083618,1.3734859228134155
254,./Scene00/view02/0054.png,175.5797502940441,52.82758545112983,2.200000047683716,0.0,0.6911112070083618,1.3734859228134155
255,./Scene00/view02/0055.png,178.55876853179367,52.903054669099866,2.200000047683716,0.0,0.6911112070083618,1.3734859228134155
256,./Scene00/view02/0056.png,181.54302987480025,52.90375439154601,2.200000047683716,0.0,0.6911112070083618,1.3734859228134155
257,./Scene00/view02/0057.png,184.52224098438546,52.82968041142872,2.200000047683716,0.0,0.6911112070083618,1.3734859228134155
258,./Scene00/view02/0058.png,187.48623134831752,52.6812870269738,2.200000047683716,0.0,0.6911112070083618,1.3734859228134155
259,./Scene00/view02/0059.png,190.42520209294918,52.45948115375253,2.200000047683716,0.0,0.6911112070083618,1.3734859228134155
260,./Scene00/view02/0060.png,193.32994226787824,52.165577087591686,2.200000047683716,0.0,0.6911112070083618,1.3734859228134155
261,./Scene00/view02/0061.png,196.1920230411918,51.801279107751604,2.200000047683716,0.0,0.6911112070083618,1.3734859228134155
262,./Scene00/view02/0062.png,199.00394283350846,51.36861884208647,2.200000047683716,0.0,0.6911112070083618,1.3734859228134155
263,./Scene00/view02/0063.png,201.75923230801575,50.8699228964357,2.200000047683716,0.0,0.6911112070083618,1.3734859228134155
264,./Scene00/view02/0064.png,204.4525002967809,50.30773790486812,2.200000047683716,0.0,0.6911112070083618,1.3734859228134155
265,./Scene00/view02/0065.png,207.07945505810065,49.68479450544951,2.200000047683716,0.0,0.6911112070083618,1.3734859228134155
266,./Scene00/view02/0066.png,209.63686896879898,49.00393397387883,2.200000047683716,0.0,0.6911112070083618,1.3734859228134155
267,./Scene00/view02/0067.png,212.12252211096865,48.26807990298192,2.200000047683716,0.0,0.6911112070083618,1.3734859228134155
268,./Scene00/view02/0068.png,214.53512297649155,47.48017844440687,2.200000047683716,0.0,0.6911112070083618,1.3734859228134155
269,./Scene00/view02/0069.png,216.87421105074353,46.643165871793265,2.200000047683716,0.0,0.6911112070083618,1.3734859228134155
270,./Scene00/view02/0070.png,219.1400508903496,45.75993762563578,2.200000047683716,0.0,0.6911112070083618,1.3734859228134155
271,./Scene00/view02/0071.png,221.33352894188127,44.83331964724947,2.200000047683716,0.0,0.6911112070083618,1.3734859228134155
272,./Scene00/view02/0072.png,223.4560509504313,43.86604728988128,2.200000047683716,0.0,0.6911112070083618,1.3734859228134155
273,./Scene00/view02/0073.png,225.50943449372835,42.86075032115079,2.200000047683716,0.0,0.6911112070083618,1.3734859228134155
274,./Scene00/view02/0074.png,227.49584157559528,41.81994580603177,2.200000047683716,0.0,0.6911112070083618,1.3734859228134155
275,./Scene00/view02/0075.png,229.4176705354698,40.746027464602264,2.200000047683716,0.0,0.6911112070083618,1.3734859228134155
276,./Scene00/view02/0076.png,231.2775133253966,39.641262597241436,2.200000047683716,0.0,0.6911112070083618,1.3734859228134155
277,./Scene00/view02/0077.png,233.07807499023014,38.50779499943899,2.200000047683716,0.0,0.6911112070083618,1.3734859228134155
278,./Scene00/view02/0078.png,234.82214415673806,37.34764362349209,2.200000047683716,0.0,0.6911112070083618,1.3734859228134155
279,./Scene00/view02/0079.png,236.5125358420254,36.1627062943504,2.200000047683716,0.0,0.6911112070083618,1.3734859228134155
280,./Scene00/view02/0080.png,238.1520585435579,34.95476133344924,2.200000047683716,0.0,0.6911112070083618,1.3734859228134155
281,./Scene00/view02/0081.png,239.74350533649522,33.725481224561975,2.200000047683716,0.0,0.6911112070083618,1.3734859228134155
282,./Scene00/view02/0082.png,241.28960960971335,32.476430977818765,2.200000047683716,0.0,0.6911112070083618,1.3734859228134155
283,./Scene00/view02/0083.png,242.793052209002,31.209079510868676,2.200000047683716,0.0,0.6911112070083618,1.3734859228134155
284,./Scene00/view02/0084.png,244.25643106563433,29.924801547260287,2.200000047683716,0.0,0.6911112070083618,1.3734859228134155
285,./Scene00/view02/0085.png,245.68227887933654,28.62487646841346,2.200000047683716,0.0,0.6911112070083618,1.3734859228134155
286,./Scene00/view02/0086.png,247.07302313200373,27.31052660216225,2.200000047683716,0.0,0.6911112070083618,1.3734859228134155
287,./Scene00/view02/0087.png,248.43100695058868,25.982897951178916,2.200000047683716,0.0,0.6911112070083618,1.3734859228134155
288,./Scene00/view02/0088.png,249.7584916086523,24.6430643762063,2.200000047683716,0.0,0.6911112070083618,1.3734859228134155
289,./Scene00/view02/0089.png,251.05765054755352,23.292046727241242,2.200000047683716,0.0,0.6911112070083618,1.3734859228134155
290,./Scene00/view02/0090.png,252.33057164806826,21.930816925137776,2.200000047683716,0.0,0.6911112070083618,1.3734859228134155
291,./Scene00/view02/0091.png,253.57926498080343,20.560303881340623,2.200000047683716,0.0,0.6911112070083618,1.3734859228134155
292,./Scene00/view02/0092.png,254.80565424986608,19.181404811687564,2.200000047683716,0.0,0.6911112070083618,1.3734859228134155
293,./Scene00/view02/0093.png,256.0116032281149,17.794992747350936,2.200000047683716,0.0,0.6911112070083618,1.3734859228134155
294,./Scene00/view02/0094.png,257.1988993239629,16.401931253737267,2.200000047683716,0.0,0.6911112070083618,1.3734859228134155
295,./Scene00/view02/0095.png,258.3692647453382,15.0030947876336,2.200000047683716,0.0,0.6911112070083618,1.3734859228134155
296,./Scene00/view02/0096.png,259.52437258861687,13.599383585741588,2.200000047683716,0.0,0.6911112070083618,1.3734859228134155
297,./Scene00/view02/0097.png,260.66583269807995,12.19177035148824,2.200000047683716,0.0,0.6911112070083618,1.3734859228134155
298,./Scene00/view02/0098.png,261.7952154586499,10.781349872089706,2.200000047683716,0.0,0.6911112070083618,1.3734859228134155
299,./Scene00/view02/0099.png,262.9140439059337,9.3694374514966,2.200000047683716,0.0,0.6911112070083618,1.3734859228134155
300,./Scene00/view03/0000.png,84.17803614682325,-7.969971850094777,2.200000047683716,0.0,0.6911112070083618,1.6088008880615234
301,./Scene00/view03/0001.png,85.27691026646897,-6.528002196736781,2.200000047683716,0.0,0.6911112070083618,1.6088008880615234
302,./Scene00/view03/0002.png,86.3696224923933,-5.078734638106074,2.200000047683716,0.0,0.6911112070083618,1.6088008880615234
303,./Scene00/view03/0003.png,87.45757662874152,-3.6168364347076416,2.200000047683716,0.0,0.6911112070083618,1.6088008880615234
304,./Scene00/view03/0004.png,88.54216080173205,-2.1220806610629905,2.200000047683716,0.0,0.6911112070083618,1.6088008880615234
305,./Scene00/view03/0005.png,89.62474878671571,-0.4301637016480264,2.200000047683716,0.0,0.6911112070083618,1.6088008880615234
306,./Scene00/view03/0006.png,90.70670747688779,1.0140677549045505,2.200000047683716,0.0,0.6911112070083618,1.6088008880615234
307,./Scene00/view03/0007.png,91.78940101454113,2.329216549059559,2.200000047683716,0.0,0.6911112070083618,1.6088008880615234
308,./Scene00/view03/0008.png,92.87419513406553,3.6943380138226916,2.200000047683716,0.0,0.6911112070083618,1.6088008880615234
309,./Scene00/view03/0009.png,93.96246344449295,5.084486209239106,2.200000047683716,0.0,0.6911112070083618,1.6088008880615234
310,./Scene00/view03/0010.png,95.05559140182899,6.489701720072084,2.200000047683716,0.0,0.6911112070083618,1.6088008880615234
311,./Scene00/view03/0011.png,96.15498116211555,7.900536871509843,2.200000047683716,0.0,0.6911112070083618,1.6088008880615234
312,./Scene00/view03/0012.png,97.26205782654593,9.313936835216364,2.200000047683716,0.0,0.6911112070083618,1.6088008880615234
313,./Scene00/view03/0013.png,98.37827201944984,10.72753104204872,2.200000047683716,0.0,0.6911112070083618,1.6088008880615234
314,./Scene00/view03/0014.png,99.5051091127097,12.139609915883561,2.200000047683716,0.0,0.6911112070083618,1.6088008880615234
315,./Scene00/view03/0015.png,100.64408966990837,13.548849662467019,2.200000047683716,0.0,0.6911112070083618,1.6088008880615234
316,./Scene00/view03/0016.png,101.79677691025407,14.95414480057222,2.200000047683716,0.0,0.6911112070083618,1.6088008880615234
317,./Scene00/view03/0017.png,102.96478345196223,16.354525318635613,2.200000047683716,0.0,0.6911112070083618,1.6088008880615234
318,./Scene00/view03/0018.png,104.14977411989146,17.74908614080336,2.200000047683716,0.0,0.6911112070083618,1.6088008880615234
319,./Scene00/view03/0019.png,105.35346991273026,19.136955510631044,2.200000047683716,0.0,0.6911112070083618,1.6088008880615234
320,./Scene00/view03/0020.png,106.57765665664924,20.517271021632794,2.200000047683716,0.0,0.6911112070083618,1.6088008880615234
321,./Scene00/view03/0021.png,107.82419008327341,21.889160587700975,2.200000047683716,0.0,0.6911112070083618,1.6088008880615234
322,./Scene00/view03/0022.png,109.09499783708658,23.251729981060162,2.200000047683716,0.0,0.6911112070083618,1.6088008880615234
323,./Scene00/view03/0023.png,110.39208124722349,24.604051012929595,2.200000047683716,0.0,0.6911112070083618,1.6088008880615234
324,./Scene00/view03/0024.png,111.71752861057502,25.94515669469238,2.200000047683716,0.0,0.6911112070083618,1.6088008880615234
325,./Scene00/view03/0025.png,113.07350713594369,27.274026466768923,2.200000047683716,0.0,0.6911112070083618,1.6088008880615234
326,./Scene00/view03/0026.png,114.46227546626342,28.589586045472814,2.200000047683716,0.0,0.6911112070083618,1.6088008880615234
327,./Scene00/view03/0027.png,115.88617803655401,29.890694361921174,2.200000047683716,0.0,0.6911112070083618,1.6088008880615234
328,./Scene00/view03/0028.png,117.34764617534225,31.1761451617199,2.200000047683716,0.0,0.6911112070083618,1.6088008880615234
329,./Scene00/view03/0029.png,118.84919927512047,32.44464839628516,2.200000047683716,0.0,0.6911112070083618,1.6088008880615234
330,./Scene00/view03/0030.png,120.39343749241873,33.694833457053484,2.200000047683716,0.0,0.6911112070083618,1.6088008880615234
331,./Scene00/view03/0031.png,121.98303251189044,34.9252295468455,2.200000047683716,0.0,0.6911112070083618,1.6088008880615234
332,./Scene00/view03/0032.png,123.62072102342798,36.13427711430468,2.200000047683716,0.0,0.6911112070083618,1.6088008880615234
333,./Scene00/view03/0033.png,125.30929207483942,37.320310494393475,2.200000047683716,0.0,0.6911112070083618,1.6088008880615234
334,./Scene00/view03/0034.png,127.05155355198349,38.48154915319103,2.200000047683716,0.0,0.6911112070083618,1.6088008880615234
335,./Scene00/view03/0035.png,128.85031870786412,39.61609846714489,2.200000047683716,0.0,0.6911112070083618,1.6088008880615234
336,./Scene00/view03/0036.png,130.70837407573836,40.72194309385663,2.200000047683716,0.0,0.6911112070083618,1.6088008880615234
337,./Scene00/view03/0037.png,132.62843024834123,41.7969452374371,2.200000047683716,0.0,0.6911112070083618,1.6088008880615234
338,./Scene00/view03/0038.png,134.61307538428434,42.83883772557915,2.200000047683716,0.0,0.6911112070083618,1.6088008880615234
339,./Scene00/view03/0039.png,136.66471589100675,43.84522920979366,2.200000047683716,0.0,0.6911112070083618,1.6088008880615234
340,./Scene00/view03/0040.png,138.78550825257955,44.81360924255348,2.200000047683716,0.0,0.6911112070083618,1.6088008880615234
341,./Scene00/view03/0041.png,140.97728086213777,45.74134668660294,2.200000047683716,0.0,0.6911112070083618,1.6088008880615234
342,./Scene00/view03/0042.png,143.24144789163552,46.62571050222814,2.200000047683716,0.0,0.6911112070083618,1.6088008880615234
343,./Scene00/view03/0043.png,145.5788962450206,47.463879936455356,2.200000047683716,0.0,0.6911112070083618,1.6088008880615234
344,./Scene00/view03/0044.png,147.98990679863266,48.252956797702105,2.200000047683716,0.0,0.6911112070083618,1.6088008880615234
345,./Scene00/view03/0045.png,150.4740257477145,48.99001191191685,2.200000047683716,0.0,0.6911112070083618,1.6088008880615234
346,./Scene00/view03/0046.png,153.02997459483456,49.67209542961661,2.200000047683716,0.0,0.6911112070083618,1.6088008880615234
347,./Scene00/view03/0047.png,155.6555489709061,50.296287636349724,2.200000047683716,0.0,0.6911112070083618,1.6088008880615234
348,./Scene00/view03/0048.png,158.3475380554522,50.859742645619384,2.200000047683716,0.0,0.6911112070083618,1.6088008880615234
349,./Scene00/view03/0049.png,161.10165905862155,51.359736243821565,2.200000047683716,0.0,0.6911112070083618,1.6088008880615234
350,./Scene00/view03/0050.png,163.9125400727675,51.79371561743861,2.200000047683716,0.0,0.6911112070083618,1.6088008880615234
351,./Scene00/view03/0051.png,166.77372648619257,52.159359562997835,2.200000047683716,0.0,0.6911112070083618,1.6088008880615234
352,./Scene00/view03/0052.png,169.6777326620689,52.45462284222895,2.200000047683716,0.0,0.6911112070083618,1.6088008880615234
353,./Scene00/view03/0053.png,172.616140419899,52.677806805304485,2.200000047683716,0.0,0.6911112070083618,1.6088008880615234
354,./Scene00/view03/0054.png,175.5797502940441,52.82758545112983,2.200000047683716,0.0,0.6911112070083618,1.6088008880615234
355,./Scene00/view03/0055.png,178.55876853179367,52.903054669099866,2.200000047683716,0.0,0.6911112070083618,1.6088008880615234
356,./Scene00/view03/0056.png,181.54302987480025,52.90375439154601,2.200000047683716,0.0,0.6911112070083618,1.6088008880615234
357,./Scene00/view03/0057.png,184.52224098438546,52.82968041142872,2.200000047683716,0.0,0.6911112070083618,1.6088008880615234
358,./Scene00/view03/0058.png,187.48623134831752,52.6812870269738,2.200000047683716,0.0,0.6911112070083618,1.6088008880615234
359,./Scene00/view03/0059.png,190.42520209294918,52.45948115375253,2.200000047683716,0.0,0.6911112070083618,1.6088008880615234
360,./Scene00/view03/0060.png,193.32994226787824,52.165577087591686,2.200000047683716,0.0,0.6911112070083618,1.6088008880615234
361,./Scene00/view03/0061.png,196.1920230411918,51.801279107751604,2.200000047683716,0.0,0.6911112070083618,1.6088008880615234
362,./Scene00/view03/0062.png,199.00394283350846,51.36861884208647,2.200000047683716,0.0,0.6911112070083618,1.6088008880615234
363,./Scene00/view03/0063.png,201.75923230801575,50.8699228964357,2.200000047683716,0.0,0.6911112070083618,1.6088008880615234
364,./Scene00/view03/0064.png,204.4525002967809,50.30773790486812,2.200000047683716,0.0,0.6911112070083618,1.6088008880615234
365,./Scene00/view03/0065.png,207.07945505810065,49.68479450544951,2.200000047683716,0.0,0.6911112070083618,1.6088008880615234
366,./Scene00/view03/0066.png,209.63686896879898,49.00393397387883,2.200000047683716,0.0,0.6911112070083618,1.6088008880615234
367,./Scene00/view03/0067.png,212.12252211096865,48.26807990298192,2.200000047683716,0.0,0.6911112070083618,1.6088008880615234
368,./Scene00/view03/0068.png,214.53512297649155,47.48017844440687,2.200000047683716,0.0,0.6911112070083618,1.6088008880615234
369,./Scene00/view03/0069.png,216.87421105074353,46.643165871793265,2.200000047683716,0.0,0.6911112070083618,1.6088008880615234
370,./Scene00/view03/0070.png,219.1400508903496,45.75993762563578,2.200000047683716,0.0,0.6911112070083618,1.6088008880615234
371,./Scene00/view03/0071.png,221.33352894188127,44.83331964724947,2.200000047683716,0.0,0.6911112070083618,1.6088008880615234
372,./Scene00/view03/0072.png,223.4560509504313,43.86604728988128,2.200000047683716,0.0,0.6911112070083618,1.6088008880615234
373,./Scene00/view03/0073.png,225.50943449372835,42.86075032115079,2.200000047683716,0.0,0.6911112070083618,1.6088008880615234
374,./Scene00/view03/0074.png,227.49584157559528,41.81994580603177,2.200000047683716,0.0,0.6911112070083618,1.6088008880615234
375,./Scene00/view03/0075.png,229.4176705354698,40.746027464602264,2.200000047683716,0.0,0.6911112070083618,1.6088008880615234
376,./Scene00/view03/0076.png,231.2775133253966,39.641262597241436,2.200000047683716,0.0,0.6911112070083618,1.6088008880615234
377,./Scene00/view03/0077.png,233.07807499023014,38.50779499943899,2.200000047683716,0.0,0.6911112070083618,1.6088008880615234
378,./Scene00/view03/0078.png,234.82214415673806,37.34764362349209,2.200000047683716,0.0,0.6911112070083618,1.6088008880615234
379,./Scene00/view03/0079.png,236.5125358420254,36.1627062943504,2.200000047683716,0.0,0.6911112070083618,1.6088008880615234
380,./Scene00/view03/0080.png,238.1520585435579,34.95476133344924,2.200000047683716,0.0,0.6911112070083618,1.6088008880615234
381,./Scene00/view03/0081.png,239.74350533649522,33.725481224561975,2.200000047683716,0.0,0.6911112070083618,1.6088008880615234
382,./Scene00/view03/0082.png,241.28960960971335,32.476430977818765,2.200000047683716,0.0,0.6911112070083618,1.6088008880615234
383,./Scene00/view03/0083.png,242.793052209002,31.209079510868676,2.200000047683716,0.0,0.6911112070083618,1.6088008880615234
384,./Scene00/view03/0084.png,244.25643106563433,29.924801547260287,2.200000047683716,0.0,0.6911112070083618,1.6088008880615234
385,./Scene00/view03/0085.png,245.68227887933654,28.62487646841346,2.200000047683716,0.0,0.6911112070083618,1.6088008880615234
386,./Scene00/view03/0086.png,247.07302313200373,27.31052660216225,2.200000047683716,0.0,0.6911112070083618,1.6088008880615234
387,./Scene00/view03/0087.png,248.43100695058868,25.982897951178916,2.200000047683716,0.0,0.6911112070083618,1.6088008880615234
388,./Scene00/view03/0088.png,249.7584916086523,24.6430643762063,2.200000047683716,0.0,0.6911112070083618,1.6088008880615234
389,./Scene00/view03/0089.png,251.05765054755352,23.292046727241242,2.200000047683716,0.0,0.6911112070083618,1.6088008880615234
390,./Scene00/view03/0090.png,252.33057164806826,21.930816925137776,2.200000047683716,0.0,0.6911112070083618,1.6088008880615234
391,./Scene00/view03/0091.png,253.57926498080343,20.560303881340623,2.200000047683716,0.0,0.6911112070083618,1.6088008880615234
392,./Scene00/view03/0092.png,254.80565424986608,19.181404811687564,2.200000047683716,0.0,0.6911112070083618,1.6088008880615234
393,./Scene00/view03/0093.png,256.0116032281149,17.794992747350936,2.200000047683716,0.0,0.6911112070083618,1.6088008880615234
394,./Scene00/view03/0094.png,257.1988993239629,16.401931253737267,2.200000047683716,0.0,0.6911112070083618,1.6088008880615234
395,./Scene00/view03/0095.png,258.3692647453382,15.0030947876336,2.200000047683716,0.0,0.6911112070083618,1.6088008880615234
396,./Scene00/view03/0096.png,259.52437258861687,13.599383585741588,2.200000047683716,0.0,0.6911112070083618,1.6088008880615234
397,./Scene00/view03/0097.png,260.66583269807995,12.19177035148824,2.200000047683716,0.0,0.6911112070083618,1.6088008880615234
398,./Scene00/view03/0098.png,261.7952154586499,10.781349872089706,2.200000047683716,0.0,0.6911112070083618,1.6088008880615234
399,./Scene00/view03/0099.png,262.9140439059337,9.3694374514966,2.200000047683716,0.0,0.6911112070083618,1.6088008880615234
400,./Scene00/view04/0000.png,84.17803614682325,-7.969971850094777,2.200000047683716,0.0,0.6911112070083618,1.6088008880615234
401,./Scene00/view04/0001.png,85.27691026646897,-6.528002196736781,2.200000047683716,0.0,0.6911112070083618,1.6088008880615234
402,./Scene00/view04/0002.png,86.3696224923933,-5.078734638106074,2.200000047683716,0.0,0.6911112070083618,1.6088008880615234
403,./Scene00/view04/0003.png,87.45757662874152,-3.6168364347076416,2.200000047683716,0.0,0.6911112070083618,1.6088008880615234
404,./Scene00/view04/0004.png,88.54216080173205,-2.1220806610629905,2.200000047683716,0.0,0.6911112070083618,1.6088008880615234
405,./Scene00/view04/0005.png,89.62474878671571,-0.4301637016480264,2.200000047683716,0.0,0.6911112070083618,1.6088008880615234
406,./Scene00/view04/0006.png,90.70670747688779,1.0140677549045505,2.200000047683716,0.0,0.6911112070083618,1.6088008880615234
407,./Scene00/view04/0007.png,91.78940101454113,2.329216549059559,2.200000047683716,0.0,0.6911112070083618,1.6088008880615234
408,./Scene00/view04/0008.png,92.87419513406553,3.6943380138226916,2.200000047683716,0.0,0.6911112070083618,1.6088008880615234
409,./Scene00/view04/0009.png,93.96246344449295,5.084486209239106,2.200000047683716,0.0,0.6911112070083618,1.6088008880615234
410,./Scene00/view04/0010.png,95.05559140182899,6.489701720072084,2.200000047683716,0.0,0.6911112070083618,1.6088008880615234
411,./Scene00/view04/0011.png,96.15498116211555,7.900536871509843,2.200000047683716,0.0,0.6911112070083618,1.6088008880615234
412,./Scene00/view04/0012.png,97.26205782654593,9.313936835216364,2.200000047683716,0.0,0.6911112070083618,1.6088008880615234
413,./Scene00/view04/0013.png,98.37827201944984,10.72753104204872,2.200000047683716,0.0,0.6911112070083618,1.6088008880615234
414,./Scene00/view04/0014.png,99.5051091127097,12.139609915883561,2.200000047683716,0.0,0.6911112070083618,1.6088008880615234
415,./Scene00/view04/0015.png,100.64408966990837,13.548849662467019,2.200000047683716,0.0,0.6911112070083618,1.6088008880615234
416,./Scene00/view04/0016.png,101.79677691025407,14.95414480057222,2.200000047683716,0.0,0.6911112070083618,1.6088008880615234
417,./Scene00/view04/0017.png,102.96478345196223,16.354525318635613,2.200000047683716,0.0,0.6911112070083618,1.6088008880615234
418,./Scene00/view04/0018.png,104.14977411989146,17.74908614080336,2.200000047683716,0.0,0.6911112070083618,1.6088008880615234
419,./Scene00/view04/0019.png,105.35346991273026,19.136955510631044,2.200000047683716,0.0,0.6911112070083618,1.6088008880615234
420,./Scene00/view04/0020.png,106.57765665664924,20.517271021632794,2.200000047683716,0.0,0.6911112070083618,1.6088008880615234
421,./Scene00/view04/0021.png,107.82419008327341,21.889160587700975,2.200000047683716,0.0,0.6911112070083618,1.6088008880615234
422,./Scene00/view04/0022.png,109.09499783708658,23.251729981060162,2.200000047683716,0.0,0.6911112070083618,1.6088008880615234
423,./Scene00/view04/0023.png,110.39208124722349,24.604051012929595,2.200000047683716,0.0,0.6911112070083618,1.6088008880615234
424,./Scene00/view04/0024.png,111.71752861057502,25.94515669469238,2.200000047683716,0.0,0.6911112070083618,1.6088008880615234
425,./Scene00/view04/0025.png,113.07350713594369,27.274026466768923,2.200000047683716,0.0,0.6911112070083618,1.6088008880615234
426,./Scene00/view04/0026.png,114.46227546626342,28.589586045472814,2.200000047683716,0.0,0.6911112070083618,1.6088008880615234
427,./Scene00/view04/0027.png,115.88617803655401,29.890694361921174,2.200000047683716,0.0,0.6911112070083618,1.6088008880615234
428,./Scene00/view04/0028.png,117.34764617534225,31.1761451617199,2.200000047683716,0.0,0.6911112070083618,1.6088008880615234
429,./Scene00/view04/0029.png,118.84919927512047,32.44464839628516,2.200000047683716,0.0,0.6911112070083618,1.6088008880615234
430,./Scene00/view04/0030.png,120.39343749241873,33.694833457053484,2.200000047683716,0.0,0.6911112070083618,1.6088008880615234
431,./Scene00/view04/0031.png,121.98303251189044,34.9252295468455,2.200000047683716,0.0,0.6911112070083618,1.6088008880615234
432,./Scene00/view04/0032.png,123.62072102342798,36.13427711430468,2.200000047683716,0.0,0.6911112070083618,1.6088008880615234
433,./Scene00/view04/0033.png,125.30929207483942,37.320310494393475,2.200000047683716,0.0,0.6911112070083618,1.6088008880615234
434,./Scene00/view04/0034.png,127.05155355198349,38.48154915319103,2.200000047683716,0.0,0.6911112070083618,1.6088008880615234
435,./Scene00/view04/0035.png,128.85031870786412,39.61609846714489,2.200000047683716,0.0,0.6911112070083618,1.6088008880615234
436,./Scene00/view04/0036.png,130.70837407573836,40.72194309385663,2.200000047683716,0.0,0.6911112070083618,1.6088008880615234
437,./Scene00/view04/0037.png,132.62843024834123,41.7969452374371,2.200000047683716,0.0,0.6911112070083618,1.6088008880615234
438,./Scene00/view04/0038.png,134.61307538428434,42.83883772557915,2.200000047683716,0.0,0.6911112070083618,1.6088008880615234
439,./Scene00/view04/0039.png,136.66471589100675,43.84522920979366,2.200000047683716,0.0,0.6911112070083618,1.6088008880615234
440,./Scene00/view04/0040.png,138.78550825257955,44.81360924255348,2.200000047683716,0.0,0.6911112070083618,1.6088008880615234
441,./Scene00/view04/0041.png,140.97728086213777,45.74134668660294,2.200000047683716,0.0,0.6911112070083618,1.6088008880615234
442,./Scene00/view04/0042.png,143.24144789163552,46.62571050222814,2.200000047683716,0.0,0.6911112070083618,1.6088008880615234
443,./Scene00/view04/0043.png,145.5788962450206,47.463879936455356,2.200000047683716,0.0,0.6911112070083618,1.6088008880615234
444,./Scene00/view04/0044.png,147.98990679863266,48.252956797702105,2.200000047683716,0.0,0.6911112070083618,1.6088008880615234
445,./Scene00/view04/0045.png,150.4740257477145,48.99001191191685,2.200000047683716,0.0,0.6911112070083618,1.6088008880615234
446,./Scene00/view04/0046.png,153.02997459483456,49.67209542961661,2.200000047683716,0.0,0.6911112070083618,1.6088008880615234
447,./Scene00/view04/0047.png,155.6555489709061,50.296287636349724,2.200000047683716,0.0,0.6911112070083618,1.6088008880615234
448,./Scene00/view04/0048.png,158.3475380554522,50.859742645619384,2.200000047683716,0.0,0.6911112070083618,1.6088008880615234
449,./Scene00/view04/0049.png,161.10165905862155,51.359736243821565,2.200000047683716,0.0,0.6911112070083618,1.6088008880615234
450,./Scene00/view04/0050.png,163.9125400727675,51.79371561743861,2.200000047683716,0.0,0.6911112070083618,1.6088008880615234
451,./Scene00/view04/0051.png,166.77372648619257,52.159359562997835,2.200000047683716,0.0,0.6911112070083618,1.6088008880615234
452,./Scene00/view04/0052.png,169.6777326620689,52.45462284222895,2.200000047683716,0.0,0.6911112070083618,1.6088008880615234
453,./Scene00/view04/0053.png,172.616140419899,52.677806805304485,2.200000047683716,0.0,0.6911112070083618,1.6088008880615234
454,./Scene00/view04/0054.png,175.5797502940441,52.82758545112983,2.200000047683716,0.0,0.6911112070083618,1.6088008880615234
455,./Scene00/view04/0055.png,178.55876853179367,52.903054669099866,2.200000047683716,0.0,0.6911112070083618,1.6088008880615234
456,./Scene00/view04/0056.png,181.54302987480025,52.90375439154601,2.200000047683716,0.0,0.6911112070083618,1.6088008880615234
457,./Scene00/view04/0057.png,184.52224098438546,52.82968041142872,2.200000047683716,0.0,0.6911112070083618,1.6088008880615234
458,./Scene00/view04/0058.png,187.48623134831752,52.6812870269738,2.200000047683716,0.0,0.6911112070083618,1.6088008880615234
459,./Scene00/view04/0059.png,190.42520209294918,52.45948115375253,2.200000047683716,0.0,0.6911112070083618,1.6088008880615234
460,./Scene00/view04/0060.png,193.32994226787824,52.165577087591686,2.200000047683716,0.0,0.6911112070083618,1.6088008880615234
461,./Scene00/view04/0061.png,196.1920230411918,51.801279107751604,2.200000047683716,0.0,0.6911112070083618,1.6088008880615234
462,./Scene00/view04/0062.png,199.00394283350846,51.36861884208647,2.200000047683716,0.0,0.6911112070083618,1.6088008880615234
463,./Scene00/view04/0063.png,201.75923230801575,50.8699228964357,2.200000047683716,0.0,0.6911112070083618,1.6088008880615234
464,./Scene00/view04/0064.png,204.4525002967809,50.30773790486812,2.200000047683716,0.0,0.6911112070083618,1.6088008880615234
465,./Scene00/view04/0065.png,207.07945505810065,49.68479450544951,2.200000047683716,0.0,0.6911112070083618,1.6088008880615234
466,./Scene00/view04/0066.png,209.63686896879898,49.00393397387883,2.200000047683716,0.0,0.6911112070083618,1.6088008880615234
467,./Scene00/view04/0067.png,212.12252211096865,48.26807990298192,2.200000047683716,0.0,0.6911112070083618,1.6088008880615234
468,./Scene00/view04/0068.png,214.53512297649155,47.48017844440687,2.200000047683716,0.0,0.6911112070083618,1.6088008880615234
469,./Scene00/view04/0069.png,216.87421105074353,46.643165871793265,2.200000047683716,0.0,0.6911112070083618,1.6088008880615234
470,./Scene00/view04/0070.png,219.1400508903496,45.75993762563578,2.200000047683716,0.0,0.6911112070083618,1.6088008880615234
471,./Scene00/view04/0071.png,221.33352894188127,44.83331964724947,2.200000047683716,0.0,0.6911112070083618,1.6088008880615234
472,./Scene00/view04/0072.png,223.4560509504313,43.86604728988128,2.200000047683716,0.0,0.6911112070083618,1.6088008880615234
473,./Scene00/view04/0073.png,225.50943449372835,42.86075032115079,2.200000047683716,0.0,0.6911112070083618,1.6088008880615234
474,./Scene00/view04/0074.png,227.49584157559528,41.81994580603177,2.200000047683716,0.0,0.6911112070083618,1.6088008880615234
475,./Scene00/view04/0075.png,229.4176705354698,40.746027464602264,2.200000047683716,0.0,0.6911112070083618,1.6088008880615234
476,./Scene00/view04/0076.png,231.2775133253966,39.641262597241436,2.200000047683716,0.0,0.6911112070083618,1.6088008880615234
477,./Scene00/view04/0077.png,233.07807499023014,38.50779499943899,2.200000047683716,0.0,0.6911112070083618,1.6088008880615234
478,./Scene00/view04/0078.png,234.82214415673806,37.34764362349209,2.200000047683716,0.0,0.6911112070083618,1.6088008880615234
479,./Scene00/view04/0079.png,236.5125358420254,36.1627062943504,2.200000047683716,0.0,0.6911112070083618,1.6088008880615234
480,./Scene00/view04/0080.png,238.1520585435579,34.95476133344924,2.200000047683716,0.0,0.6911112070083618,1.6088008880615234
481,./Scene00/view04/0081.png,239.74350533649522,33.725481224561975,2.200000047683716,0.0,0.6911112070083618,1.6088008880615234
482,./Scene00/view04/0082.png,241.28960960971335,32.476430977818765,2.200000047683716,0.0,0.6911112070083618,1.6088008880615234
483,./Scene00/view04/0083.png,242.793052209002,31.209079510868676,2.200000047683716,0.0,0.6911112070083618,1.6088008880615234
484,./Scene00/view04/0084.png,244.25643106563433,29.924801547260287,2.200000047683716,0.0,0.6911112070083618,1.6088008880615234
485,./Scene00/view04/0085.png,245.68227887933654,28.62487646841346,2.200000047683716,0.0,0.6911112070083618,1.6088008880615234
486,./Scene00/view04/0086.png,247.07302313200373,27.31052660216225,2.200000047683716,0.0,0.6911112070083618,1.6088008880615234
487,./Scene00/view04/0087.png,248.43100695058868,25.982897951178916,2.200000047683716,0.0,0.6911112070083618,1.6088008880615234
488,./Scene00/view04/0088.png,249.7584916086523,24.6430643762063,2.200000047683716,0.0,0.6911112070083618,1.6088008880615234
489,./Scene00/view04/0089.png,251.05765054755352,23.292046727241242,2.200000047683716,0.0,0.6911112070083618,1.6088008880615234
490,./Scene00/view04/0090.png,252.33057164806826,21.930816925137776,2.200000047683716,0.0,0.6911112070083618,1.6088008880615234
491,./Scene00/view04/0091.png,253.57926498080343,20.560303881340623,2.200000047683716,0.0,0.6911112070083618,1.6088008880615234
492,./Scene00/view04/0092.png,254.80565424986608,19.181404811687564,2.200000047683716,0.0,0.6911112070083618,1.6088008880615234
493,./Scene00/view04/0093.png,256.0116032281149,17.794992747350936,2.200000047683716,0.0,0.6911112070083618,1.6088008880615234
494,./Scene00/view04/0094.png,257.1988993239629,16.401931253737267,2.200000047683716,0.0,0.6911112070083618,1.6088008880615234
495,./Scene00/view04/0095.png,258.3692647453382,15.0030947876336,2.200000047683716,0.0,0.6911112070083618,1.6088008880615234
496,./Scene00/view04/0096.png,259.52437258861687,13.599383585741588,2.200000047683716,0.0,0.6911112070083618,1.6088008880615234
497,./Scene00/view04/0097.png,260.66583269807995,12.19177035148824,2.200000047683716,0.0,0.6911112070083618,1.6088008880615234
498,./Scene00/view04/0098.png,261.7952154586499,10.781349872089706,2.200000047683716,0.0,0.6911112070083618,1.6088008880615234
499,./Scene00/view04/0099.png,262.9140439059337,9.3694374514966,2.200000047683716,0.0,0.6911112070083618,1.6088008880615234
500,./Scene00/view05/0000.png,84.17803614682325,-7.969971850094777,2.200000047683716,0.0,0.6911112070083618,1.7453292608261108
501,./Scene00/view05/0001.png,85.27691026646897,-6.528002196736781,2.200000047683716,0.0,0.6911112070083618,1.7453292608261108
502,./Scene00/view05/0002.png,86.3696224923933,-5.078734638106074,2.200000047683716,0.0,0.6911112070083618,1.7453292608261108
503,./Scene00/view05/0003.png,87.45757662874152,-3.6168364347076416,2.200000047683716,0.0,0.6911112070083618,1.7453292608261108
504,./Scene00/view05/0004.png,88.54216080173205,-2.1220806610629905,2.200000047683716,0.0,0.6911112070083618,1.7453292608261108
505,./Scene00/view05/0005.png,89.62474878671571,-0.4301637016480264,2.200000047683716,0.0,0.6911112070083618,1.7453292608261108
506,./Scene00/view05/0006.png,90.70670747688779,1.0140677549045505,2.200000047683716,0.0,0.6911112070083618,1.7453292608261108
507,./Scene00/view05/0007.png,91.78940101454113,2.329216549059559,2.200000047683716,0.0,0.6911112070083618,1.7453292608261108
508,./Scene00/view05/0008.png,92.87419513406553,3.6943380138226916,2.200000047683716,0.0,0.6911112070083618,1.7453292608261108
509,./Scene00/view05/0009.png,93.96246344449295,5.084486209239106,2.200000047683716,0.0,0.6911112070083618,1.7453292608261108
510,./Scene00/view05/0010.png,95.05559140182899,6.489701720072084,2.200000047683716,0.0,0.6911112070083618,1.7453292608261108
511,./Scene00/view05/0011.png,96.15498116211555,7.900536871509843,2.200000047683716,0.0,0.6911112070083618,1.7453292608261108
512,./Scene00/view05/0012.png,97.26205782654593,9.313936835216364,2.200000047683716,0.0,0.6911112070083618,1.7453292608261108
513,./Scene00/view05/0013.png,98.37827201944984,10.72753104204872,2.200000047683716,0.0,0.6911112070083618,1.7453292608261108
514,./Scene00/view05/0014.png,99.5051091127097,12.139609915883561,2.200000047683716,0.0,0.6911112070083618,1.7453292608261108
515,./Scene00/view05/0015.png,100.64408966990837,13.548849662467019,2.200000047683716,0.0,0.6911112070083618,1.7453292608261108
516,./Scene00/view05/0016.png,101.79677691025407,14.95414480057222,2.200000047683716,0.0,0.6911112070083618,1.7453292608261108
517,./Scene00/view05/0017.png,102.96478345196223,16.354525318635613,2.200000047683716,0.0,0.6911112070083618,1.7453292608261108
518,./Scene00/view05/0018.png,104.14977411989146,17.74908614080336,2.200000047683716,0.0,0.6911112070083618,1.7453292608261108
519,./Scene00/view05/0019.png,105.35346991273026,19.136955510631044,2.200000047683716,0.0,0.6911112070083618,1.7453292608261108
520,./Scene00/view05/0020.png,106.57765665664924,20.517271021632794,2.200000047683716,0.0,0.6911112070083618,1.7453292608261108
521,./Scene00/view05/0021.png,107.82419008327341,21.889160587700975,2.200000047683716,0.0,0.6911112070083618,1.7453292608261108
522,./Scene00/view05/0022.png,109.09499783708658,23.251729981060162,2.200000047683716,0.0,0.6911112070083618,1.7453292608261108
523,./Scene00/view05/0023.png,110.39208124722349,24.604051012929595,2.200000047683716,0.0,0.6911112070083618,1.7453292608261108
524,./Scene00/view05/0024.png,111.71752861057502,25.94515669469238,2.200000047683716,0.0,0.6911112070083618,1.7453292608261108
525,./Scene00/view05/0025.png,113.07350713594369,27.274026466768923,2.200000047683716,0.0,0.6911112070083618,1.7453292608261108
526,./Scene00/view05/0026.png,114.46227546626342,28.589586045472814,2.200000047683716,0.0,0.6911112070083618,1.7453292608261108
527,./Scene00/view05/0027.png,115.88617803655401,29.890694361921174,2.200000047683716,0.0,0.6911112070083618,1.7453292608261108
528,./Scene00/view05/0028.png,117.34764617534225,31.1761451617199,2.200000047683716,0.0,0.6911112070083618,1.7453292608261108
529,./Scene00/view05/0029.png,118.84919927512047,32.44464839628516,2.200000047683716,0.0,0.6911112070083618,1.7453292608261108
530,./Scene00/view05/0030.png,120.39343749241873,33.694833457053484,2.200000047683716,0.0,0.6911112070083618,1.7453292608261108
531,./Scene00/view05/0031.png,121.98303251189044,34.9252295468455,2.200000047683716,0.0,0.6911112070083618,1.7453292608261108
532,./Scene00/view05/0032.png,123.62072102342798,36.13427711430468,2.200000047683716,0.0,0.6911112070083618,1.7453292608261108
533,./Scene00/view05/0033.png,125.30929207483942,37.320310494393475,2.200000047683716,0.0,0.6911112070083618,1.7453292608261108
534,./Scene00/view05/0034.png,127.05155355198349,38.48154915319103,2.200000047683716,0.0,0.6911112070083618,1.7453292608261108
535,./Scene00/view05/0035.png,128.85031870786412,39.61609846714489,2.200000047683716,0.0,0.6911112070083618,1.7453292608261108
536,./Scene00/view05/0036.png,130.70837407573836,40.72194309385663,2.200000047683716,0.0,0.6911112070083618,1.7453292608261108
537,./Scene00/view05/0037.png,132.62843024834123,41.7969452374371,2.200000047683716,0.0,0.6911112070083618,1.7453292608261108
538,./Scene00/view05/0038.png,134.61307538428434,42.83883772557915,2.200000047683716,0.0,0.6911112070083618,1.7453292608261108
539,./Scene00/view05/0039.png,136.66471589100675,43.84522920979366,2.200000047683716,0.0,0.6911112070083618,1.7453292608261108
540,./Scene00/view05/0040.png,138.78550825257955,44.81360924255348,2.200000047683716,0.0,0.6911112070083618,1.7453292608261108
541,./Scene00/view05/0041.png,140.97728086213777,45.74134668660294,2.200000047683716,0.0,0.6911112070083618,1.7453292608261108
542,./Scene00/view05/0042.png,143.24144789163552,46.62571050222814,2.200000047683716,0.0,0.6911112070083618,1.7453292608261108
543,./Scene00/view05/0043.png,145.5788962450206,47.463879936455356,2.200000047683716,0.0,0.6911112070083618,1.7453292608261108
544,./Scene00/view05/0044.png,147.98990679863266,48.252956797702105,2.200000047683716,0.0,0.6911112070083618,1.7453292608261108
545,./Scene00/view05/0045.png,150.4740257477145,48.99001191191685,2.200000047683716,0.0,0.6911112070083618,1.7453292608261108
546,./Scene00/view05/0046.png,153.02997459483456,49.67209542961661,2.200000047683716,0.0,0.6911112070083618,1.7453292608261108
547,./Scene00/view05/0047.png,155.6555489709061,50.296287636349724,2.200000047683716,0.0,0.6911112070083618,1.7453292608261108
548,./Scene00/view05/0048.png,158.3475380554522,50.859742645619384,2.200000047683716,0.0,0.6911112070083618,1.7453292608261108
549,./Scene00/view05/0049.png,161.10165905862155,51.359736243821565,2.200000047683716,0.0,0.6911112070083618,1.7453292608261108
550,./Scene00/view05/0050.png,163.9125400727675,51.79371561743861,2.200000047683716,0.0,0.6911112070083618,1.7453292608261108
551,./Scene00/view05/0051.png,166.77372648619257,52.159359562997835,2.200000047683716,0.0,0.6911112070083618,1.7453292608261108
552,./Scene00/view05/0052.png,169.6777326620689,52.45462284222895,2.200000047683716,0.0,0.6911112070083618,1.7453292608261108
553,./Scene00/view05/0053.png,172.616140419899,52.677806805304485,2.200000047683716,0.0,0.6911112070083618,1.7453292608261108
554,./Scene00/view05/0054.png,175.5797502940441,52.82758545112983,2.200000047683716,0.0,0.6911112070083618,1.7453292608261108
555,./Scene00/view05/0055.png,178.55876853179367,52.903054669099866,2.200000047683716,0.0,0.6911112070083618,1.7453292608261108
556,./Scene00/view05/0056.png,181.54302987480025,52.90375439154601,2.200000047683716,0.0,0.6911112070083618,1.7453292608261108
557,./Scene00/view05/0057.png,184.52224098438546,52.82968041142872,2.200000047683716,0.0,0.6911112070083618,1.7453292608261108
558,./Scene00/view05/0058.png,187.48623134831752,52.6812870269738,2.200000047683716,0.0,0.6911112070083618,1.7453292608261108
559,./Scene00/view05/0059.png,190.42520209294918,52.45948115375253,2.200000047683716,0.0,0.6911112070083618,1.7453292608261108
560,./Scene00/view05/0060.png,193.32994226787824,52.165577087591686,2.200000047683716,0.0,0.6911112070083618,1.7453292608261108
561,./Scene00/view05/0061.png,196.1920230411918,51.801279107751604,2.200000047683716,0.0,0.6911112070083618,1.7453292608261108
562,./Scene00/view05/0062.png,199.00394283350846,51.36861884208647,2.200000047683716,0.0,0.6911112070083618,1.7453292608261108
563,./Scene00/view05/0063.png,201.75923230801575,50.8699228964357,2.200000047683716,0.0,0.6911112070083618,1.7453292608261108
564,./Scene00/view05/0064.png,204.4525002967809,50.30773790486812,2.200000047683716,0.0,0.6911112070083618,1.7453292608261108
565,./Scene00/view05/0065.png,207.07945505810065,49.68479450544951,2.200000047683716,0.0,0.6911112070083618,1.7453292608261108
566,./Scene00/view05/0066.png,209.63686896879898,49.00393397387883,2.200000047683716,0.0,0.6911112070083618,1.7453292608261108
567,./Scene00/view05/0067.png,212.12252211096865,48.26807990298192,2.200000047683716,0.0,0.6911112070083618,1.7453292608261108
568,./Scene00/view05/0068.png,214.53512297649155,47.48017844440687,2.200000047683716,0.0,0.6911112070083618,1.7453292608261108
569,./Scene00/view05/0069.png,216.87421105074353,46.643165871793265,2.200000047683716,0.0,0.6911112070083618,1.7453292608261108
570,./Scene00/view05/0070.png,219.1400508903496,45.75993762563578,2.200000047683716,0.0,0.6911112070083618,1.7453292608261108
571,./Scene00/view05/0071.png,221.33352894188127,44.83331964724947,2.200000047683716,0.0,0.6911112070083618,1.7453292608261108
572,./Scene00/view05/0072.png,223.4560509504313,43.86604728988128,2.200000047683716,0.0,0.6911112070083618,1.7453292608261108
573,./Scene00/view05/0073.png,225.50943449372835,42.86075032115079,2.200000047683716,0.0,0.6911112070083618,1.7453292608261108
574,./Scene00/view05/0074.png,227.49584157559528,41.81994580603177,2.200000047683716,0.0,0.6911112070083618,1.7453292608261108
575,./Scene00/view05/0075.png,229.4176705354698,40.746027464602264,2.200000047683716,0.0,0.6911112070083618,1.7453292608261108
576,./Scene00/view05/0076.png,231.2775133253966,39.641262597241436,2.200000047683716,0.0,0.6911112070083618,1.7453292608261108
577,./Scene00/view05/0077.png,233.07807499023014,38.50779499943899,2.200000047683716,0.0,0.6911112070083618,1.7453292608261108
578,./Scene00/view05/0078.png,234.82214415673806,37.34764362349209,2.200000047683716,0.0,0.6911112070083618,1.7453292608261108
579,./Scene00/view05/0079.png,236.5125358420254,36.1627062943504,2.200000047683716,0.0,0.6911112070083618,1.7453292608261108
580,./Scene00/view05/0080.png,238.1520585435579,34.95476133344924,2.200000047683716,0.0,0.6911112070083618,1.7453292608261108
581,./Scene00/view05/0081.png,239.74350533649522,33.725481224561975,2.200000047683716,0.0,0.6911112070083618,1.7453292608261108
582,./Scene00/view05/0082.png,241.28960960971335,32.476430977818765,2.200000047683716,0.0,0.6911112070083618,1.7453292608261108
583,./Scene00/view05/0083.png,242.793052209002,31.209079510868676,2.200000047683716,0.0,0.6911112070083618,1.7453292608261108
584,./Scene00/view05/0084.png,244.25643106563433,29.924801547260287,2.200000047683716,0.0,0.6911112070083618,1.7453292608261108
585,./Scene00/view05/0085.png,245.68227887933654,28.62487646841346,2.200000047683716,0.0,0.6911112070083618,1.7453292608261108
586,./Scene00/view05/0086.png,247.07302313200373,27.31052660216225,2.200000047683716,0.0,0.6911112070083618,1.7453292608261108
587,./Scene00/view05/0087.png,248.43100695058868,25.982897951178916,2.200000047683716,0.0,0.6911112070083618,1.7453292608261108
588,./Scene00/view05/0088.png,249.7584916086523,24.6430643762063,2.200000047683716,0.0,0.6911112070083618,1.7453292608261108
589,./Scene00/view05/0089.png,251.05765054755352,23.292046727241242,2.200000047683716,0.0,0.6911112070083618,1.7453292608261108
590,./Scene00/view05/0090.png,252.33057164806826,21.930816925137776,2.200000047683716,0.0,0.6911112070083618,1.7453292608261108
591,./Scene00/view05/0091.png,253.57926498080343,20.560303881340623,2.200000047683716,0.0,0.6911112070083618,1.7453292608261108
592,./Scene00/view05/0092.png,254.80565424986608,19.181404811687564,2.200000047683716,0.0,0.6911112070083618,1.7453292608261108
593,./Scene00/view05/0093.png,256.0116032281149,17.794992747350936,2.200000047683716,0.0,0.6911112070083618,1.7453292608261108
594,./Scene00/view05/0094.png,257.1988993239629,16.401931253737267,2.200000047683716,0.0,0.6911112070083618,1.7453292608261108
595,./Scene00/view05/0095.png,258.3692647453382,15.0030947876336,2.200000047683716,0.0,0.6911112070083618,1.7453292608261108
596,./Scene00/view05/0096.png,259.52437258861687,13.599383585741588,2.200000047683716,0.0,0.6911112070083618,1.7453292608261108
597,./Scene00/view05/0097.png,260.66583269807995,12.19177035148824,2.200000047683716,0.0,0.6911112070083618,1.7453292608261108
598,./Scene00/view05/0098.png,261.7952154586499,10.781349872089706,2.200000047683716,0.0,0.6911112070083618,1.7453292608261108
599,./Scene00/view05/0099.png,262.9140439059337,9.3694374514966,2.200000047683716,0.0,0.6911112070083618,1.7453292608261108
600,./Scene00/view06/0000.png,84.17803614682325,-7.969971850094777,2.200000047683716,0.0,0.6911112070083618,1.6708827018737793
601,./Scene00/view06/0001.png,85.27691026646897,-6.528002196736781,2.200000047683716,0.0,0.6911112070083618,1.6708827018737793
602,./Scene00/view06/0002.png,86.3696224923933,-5.078734638106074,2.200000047683716,0.0,0.6911112070083618,1.6708827018737793
603,./Scene00/view06/0003.png,87.45757662874152,-3.6168364347076416,2.200000047683716,0.0,0.6911112070083618,1.6708827018737793
604,./Scene00/view06/0004.png,88.54216080173205,-2.1220806610629905,2.200000047683716,0.0,0.6911112070083618,1.6708827018737793
605,./Scene00/view06/0005.png,89.62474878671571,-0.4301637016480264,2.200000047683716,0.0,0.6911112070083618,1.6708827018737793
606,./Scene00/view06/0006.png,90.70670747688779,1.0140677549045505,2.200000047683716,0.0,0.6911112070083618,1.6708827018737793
607,./Scene00/view06/0007.png,91.78940101454113,2.329216549059559,2.200000047683716,0.0,0.6911112070083618,1.6708827018737793
608,./Scene00/view06/0008.png,92.87419513406553,3.6943380138226916,2.200000047683716,0.0,0.6911112070083618,1.6708827018737793
609,./Scene00/view06/0009.png,93.96246344449295,5.084486209239106,2.200000047683716,0.0,0.6911112070083618,1.6708827018737793
610,./Scene00/view06/0010.png,95.05559140182899,6.489701720072084,2.200000047683716,0.0,0.6911112070083618,1.6708827018737793
611,./Scene00/view06/0011.png,96.15498116211555,7.900536871509843,2.200000047683716,0.0,0.6911112070083618,1.6708827018737793
612,./Scene00/view06/0012.png,97.26205782654593,9.313936835216364,2.200000047683716,0.0,0.6911112070083618,1.6708827018737793
613,./Scene00/view06/0013.png,98.37827201944984,10.72753104204872,2.200000047683716,0.0,0.6911112070083618,1.6708827018737793
614,./Scene00/view06/0014.png,99.5051091127097,12.139609915883561,2.200000047683716,0.0,0.6911112070083618,1.6708827018737793
615,./Scene00/view06/0015.png,100.64408966990837,13.548849662467019,2.200000047683716,0.0,0.6911112070083618,1.6708827018737793
616,./Scene00/view06/0016.png,101.79677691025407,14.95414480057222,2.200000047683716,0.0,0.6911112070083618,1.6708827018737793
617,./Scene00/view06/0017.png,102.96478345196223,16.354525318635613,2.200000047683716,0.0,0.6911112070083618,1.6708827018737793
618,./Scene00/view06/0018.png,104.14977411989146,17.74908614080336,2.200000047683716,0.0,0.6911112070083618,1.6708827018737793
619,./Scene00/view06/0019.png,105.35346991273026,19.136955510631044,2.200000047683716,0.0,0.6911112070083618,1.6708827018737793
620,./Scene00/view06/0020.png,106.57765665664924,20.517271021632794,2.200000047683716,0.0,0.6911112070083618,1.6708827018737793
621,./Scene00/view06/0021.png,107.82419008327341,21.889160587700975,2.200000047683716,0.0,0.6911112070083618,1.6708827018737793
622,./Scene00/view06/0022.png,109.09499783708658,23.251729981060162,2.200000047683716,0.0,0.6911112070083618,1.6708827018737793
623,./Scene00/view06/0023.png,110.39208124722349,24.604051012929595,2.200000047683716,0.0,0.6911112070083618,1.6708827018737793
624,./Scene00/view06/0024.png,111.71752861057502,25.94515669469238,2.200000047683716,0.0,0.6911112070083618,1.6708827018737793
625,./Scene00/view06/0025.png,113.07350713594369,27.274026466768923,2.200000047683716,0.0,0.6911112070083618,1.6708827018737793
626,./Scene00/view06/0026.png,114.46227546626342,28.589586045472814,2.200000047683716,0.0,0.6911112070083618,1.6708827018737793
627,./Scene00/view06/0027.png,115.88617803655401,29.890694361921174,2.200000047683716,0.0,0.6911112070083618,1.6708827018737793
628,./Scene00/view06/0028.png,117.34764617534225,31.1761451617199,2.200000047683716,0.0,0.6911112070083618,1.6708827018737793
629,./Scene00/view06/0029.png,118.84919927512047,32.44464839628516,2.200000047683716,0.0,0.6911112070083618,1.6708827018737793
630,./Scene00/view06/0030.png,120.39343749241873,33.694833457053484,2.200000047683716,0.0,0.6911112070083618,1.6708827018737793
631,./Scene00/view06/0031.png,121.98303251189044,34.9252295468455,2.200000047683716,0.0,0.6911112070083618,1.6708827018737793
632,./Scene00/view06/0032.png,123.62072102342798,36.13427711430468,2.200000047683716,0.0,0.6911112070083618,1.6708827018737793
633,./Scene00/view06/0033.png,125.30929207483942,37.320310494393475,2.200000047683716,0.0,0.6911112070083618,1.6708827018737793
634,./Scene00/view06/0034.png,127.05155355198349,38.48154915319103,2.200000047683716,0.0,0.6911112070083618,1.6708827018737793
635,./Scene00/view06/0035.png,128.85031870786412,39.61609846714489,2.200000047683716,0.0,0.6911112070083618,1.6708827018737793
636,./Scene00/view06/0036.png,130.70837407573836,40.72194309385663,2.200000047683716,0.0,0.6911112070083618,1.6708827018737793
637,./Scene00/view06/0037.png,132.62843024834123,41.7969452374371,2.200000047683716,0.0,0.6911112070083618,1.6708827018737793
638,./Scene00/view06/0038.png,134.61307538428434,42.83883772557915,2.200000047683716,0.0,0.6911112070083618,1.6708827018737793
639,./Scene00/view06/0039.png,136.66471589100675,43.84522920979366,2.200000047683716,0.0,0.6911112070083618,1.6708827018737793
640,./Scene00/view06/0040.png,138.78550825257955,44.81360924255348,2.200000047683716,0.0,0.6911112070083618,1.6708827018737793
641,./Scene00/view06/0041.png,140.97728086213777,45.74134668660294,2.200000047683716,0.0,0.6911112070083618,1.6708827018737793
642,./Scene00/view06/0042.png,143.24144789163552,46.62571050222814,2.200000047683716,0.0,0.6911112070083618,1.6708827018737793
643,./Scene00/view06/0043.png,145.5788962450206,47.463879936455356,2.200000047683716,0.0,0.6911112070083618,1.6708827018737793
644,./Scene00/view06/0044.png,147.98990679863266,48.252956797702105,2.200000047683716,0.0,0.6911112070083618,1.6708827018737793
645,./Scene00/view06/0045.png,150.4740257477145,48.99001191191685,2.200000047683716,0.0,0.6911112070083618,1.6708827018737793
646,./Scene00/view06/0046.png,153.02997459483456,49.67209542961661,2.200000047683716,0.0,0.6911112070083618,1.6708827018737793
647,./Scene00/view06/0047.png,155.6555489709061,50.296287636349724,2.200000047683716,0.0,0.6911112070083618,1.6708827018737793
648,./Scene00/view06/0048.png,158.3475380554522,50.859742645619384,2.200000047683716,0.0,0.6911112070083618,1.6708827018737793
649,./Scene00/view06/0049.png,161.10165905862155,51.359736243821565,2.200000047683716,0.0,0.6911112070083618,1.6708827018737793
650,./Scene00/view06/0050.png,163.9125400727675,51.79371561743861,2.200000047683716,0.0,0.6911112070083618,1.6708827018737793
651,./Scene00/view06/0051.png,166.77372648619257,52.159359562997835,2.200000047683716,0.0,0.6911112070083618,1.6708827018737793
652,./Scene00/view06/0052.png,169.6777326620689,52.45462284222895,2.200000047683716,0.0,0.6911112070083618,1.6708827018737793
653,./Scene00/view06/0053.png,172.616140419899,52.677806805304485,2.200000047683716,0.0,0.6911112070083618,1.6708827018737793
654,./Scene00/view06/0054.png,175.5797502940441,52.82758545112983,2.200000047683716,0.0,0.6911112070083618,1.6708827018737793
655,./Scene00/view06/0055.png,178.55876853179367,52.903054669099866,2.200000047683716,0.0,0.6911112070083618,1.6708827018737793
656,./Scene00/view06/0056.png,181.54302987480025,52.90375439154601,2.200000047683716,0.0,0.6911112070083618,1.6708827018737793
657,./Scene00/view06/0057.png,184.52224098438546,52.82968041142872,2.200000047683716,0.0,0.6911112070083618,1.6708827018737793
658,./Scene00/view06/0058.png,187.48623134831752,52.6812870269738,2.200000047683716,0.0,0.6911112070083618,1.6708827018737793
659,./Scene00/view06/0059.png,190.42520209294918,52.45948115375253,2.200000047683716,0.0,0.6911112070083618,1.6708827018737793
660,./Scene00/view06/0060.png,193.32994226787824,52.165577087591686,2.200000047683716,0.0,0.6911112070083618,1.6708827018737793
661,./Scene00/view06/0061.png,196.1920230411918,51.801279107751604,2.200000047683716,0.0,0.6911112070083618,1.6708827018737793
662,./Scene00/view06/0062.png,199.00394283350846,51.36861884208647,2.200000047683716,0.0,0.6911112070083618,1.6708827018737793
663,./Scene00/view06/0063.png,201.75923230801575,50.8699228964357,2.200000047683716,0.0,0.6911112070083618,1.6708827018737793
664,./Scene00/view06/0064.png,204.4525002967809,50.30773790486812,2.200000047683716,0.0,0.6911112070083618,1.6708827018737793
665,./Scene00/view06/0065.png,207.07945505810065,49.68479450544951,2.200000047683716,0.0,0.6911112070083618,1.6708827018737793
666,./Scene00/view06/0066.png,209.63686896879898,49.00393397387883,2.200000047683716,0.0,0.6911112070083618,1.6708827018737793
667,./Scene00/view06/0067.png,212.12252211096865,48.26807990298192,2.200000047683716,0.0,0.6911112070083618,1.6708827018737793
668,./Scene00/view06/0068.png,214.53512297649155,47.48017844440687,2.200000047683716,0.0,0.6911112070083618,1.6708827018737793
669,./Scene00/view06/0069.png,216.87421105074353,46.643165871793265,2.200000047683716,0.0,0.6911112070083618,1.6708827018737793
670,./Scene00/view06/0070.png,219.1400508903496,45.75993762563578,2.200000047683716,0.0,0.6911112070083618,1.6708827018737793
671,./Scene00/view06/0071.png,221.33352894188127,44.83331964724947,2.200000047683716,0.0,0.6911112070083618,1.6708827018737793
672,./Scene00/view06/0072.png,223.4560509504313,43.86604728988128,2.200000047683716,0.0,0.6911112070083618,1.6708827018737793
673,./Scene00/view06/0073.png,225.50943449372835,42.86075032115079,2.200000047683716,0.0,0.6911112070083618,1.6708827018737793
674,./Scene00/view06/0074.png,227.49584157559528,41.81994580603177,2.200000047683716,0.0,0.6911112070083618,1.6708827018737793
675,./Scene00/view06/0075.png,229.4176705354698,40.746027464602264,2.200000047683716,0.0,0.6911112070083618,1.6708827018737793
676,./Scene00/view06/0076.png,231.2775133253966,39.641262597241436,2.200000047683716,0.0,0.6911112070083618,1.6708827018737793
677,./Scene00/view06/0077.png,233.07807499023014,38.50779499943899,2.200000047683716,0.0,0.6911112070083618,1.6708827018737793
678,./Scene00/view06/0078.png,234.82214415673806,37.34764362349209,2.200000047683716,0.0,0.6911112070083618,1.6708827018737793
679,./Scene00/view06/0079.png,236.5125358420254,36.1627062943504,2.200000047683716,0.0,0.6911112070083618,1.6708827018737793
680,./Scene00/view06/0080.png,238.1520585435579,34.95476133344924,2.200000047683716,0.0,0.6911112070083618,1.6708827018737793
681,./Scene00/view06/0081.png,239.74350533649522,33.725481224561975,2.200000047683716,0.0,0.6911112070083618,1.6708827018737793
682,./Scene00/view06/0082.png,241.28960960971335,32.476430977818765,2.200000047683716,0.0,0.6911112070083618,1.6708827018737793
683,./Scene00/view06/0083.png,242.793052209002,31.209079510868676,2.200000047683716,0.0,0.6911112070083618,1.6708827018737793
684,./Scene00/view06/0084.png,244.25643106563433,29.924801547260287,2.200000047683716,0.0,0.6911112070083618,1.6708827018737793
685,./Scene00/view06/0085.png,245.68227887933654,28.62487646841346,2.200000047683716,0.0,0.6911112070083618,1.6708827018737793
686,./Scene00/view06/0086.png,247.07302313200373,27.31052660216225,2.200000047683716,0.0,0.6911112070083618,1.6708827018737793
687,./Scene00/view06/0087.png,248.43100695058868,25.982897951178916,2.200000047683716,0.0,0.6911112070083618,1.6708827018737793
688,./Scene00/view06/0088.png,249.7584916086523,24.6430643762063,2.200000047683716,0.0,0.6911112070083618,1.6708827018737793
689,./Scene00/view06/0089.png,251.05765054755352,23.292046727241242,2.200000047683716,0.0,0.6911112070083618,1.6708827018737793
690,./Scene00/view06/0090.png,252.33057164806826,21.930816925137776,2.200000047683716,0.0,0.6911112070083618,1.6708827018737793
691,./Scene00/view06/0091.png,253.57926498080343,20.560303881340623,2.200000047683716,0.0,0.6911112070083618,1.6708827018737793
692,./Scene00/view06/0092.png,254.80565424986608,19.181404811687564,2.200000047683716,0.0,0.6911112070083618,1.6708827018737793
693,./Scene00/view06/0093.png,256.0116032281149,17.794992747350936,2.200000047683716,0.0,0.6911112070083618,1.6708827018737793
694,./Scene00/view06/0094.png,257.1988993239629,16.401931253737267,2.200000047683716,0.0,0.6911112070083618,1.6708827018737793
695,./Scene00/view06/0095.png,258.3692647453382,15.0030947876336,2.200000047683716,0.0,0.6911112070083618,1.6708827018737793
696,./Scene00/view06/0096.png,259.52437258861687,13.599383585741588,2.200000047683716,0.0,0.6911112070083618,1.6708827018737793
697,./Scene00/view06/0097.png,260.66583269807995,12.19177035148824,2.200000047683716,0.0,0.6911112070083618,1.6708827018737793
698,./Scene00/view06/0098.png,261.7952154586499,10.781349872089706,2.200000047683716,0.0,0.6911112070083618,1.6708827018737793
699,./Scene00/view06/0099.png,262.9140439059337,9.3694374514966,2.200000047683716,0.0,0.6911112070083618,1.6708827018737793
